variant,max_open_positions,trade_id,direction,entry,exit,R,reason,trail_updates
A,1,XAUUSD.ecn_1790853960_BUY_FILL_1790854140,BUY,4159.96,4156.24,-1.0,SL,0
A,1,XAUUSD.ecn_1790861100_BUY_FILL_1790861280,BUY,4164.24,4166.5599999999995,1.0,TP,0
A,1,XAUUSD.ecn_1790872860_SELL_FILL_1790873040,SELL,4161.96,4160.79,0.2232824427481148,SL,1
A,1,XAUUSD.ecn_1790875440_BUY_FILL_1790875560,BUY,4158.34,4160.54,1.0,TP,0
A,1,XAUUSD.ecn_1790877120_SELL_FILL_1790877300,SELL,4166.52,4165.53,0.284482758620924,SL,1
A,1,XAUUSD.ecn_1790879520_SELL_FILL_1790879820,SELL,4163.57,4167.55,-1.0,SL,0
A,1,XAUUSD.ecn_1790880660_SELL_FILL_1790880840,SELL,4163.71,4169.02,-1.0,SL,0
A,1,XAUUSD.ecn_1790882400_SELL_FILL_1790882640,SELL,4169.14,4167.86,0.41830065359505486,SL,1
A,1,XAUUSD.ecn_1790883420_SELL_FILL_1790884020,SELL,4166.36,,,AMBIGUOUS_SL_TP,1
A,1,XAUUSD.ecn_1790885100_BUY_FILL_1790885460,BUY,4171.12,4173.2,0.3067846607669624,SL,1
A,1,XAUUSD.ecn_1790886060_BUY_FILL_1790886240,BUY,4174.99,4176.85,0.48311688311710277,SL,1
A,1,XAUUSD.ecn_1790888280_SELL_FILL_1790888460,SELL,4171.09,,,AMBIGUOUS_SL_TP,1
A,1,XAUUSD.ecn_1790890500_BUY_FILL_1790890620,BUY,4178.42,4173.54,-1.0,SL,0
A,1,XAUUSD.ecn_1790895660_BUY_FILL_1790895840,BUY,4178.09,4179.05,0.3824701195218936,SL,1
A,1,XAUUSD.ecn_1790908800_SELL_FILL_1790909040,SELL,4178.05,4180.74,-1.0,SL,0
A,1,XAUUSD.ecn_1790909400_BUY_FILL_1790909940,BUY,4181.93,4179.06,-1.0,SL,0
A,1,XAUUSD.ecn_1790913780_SELL_FILL_1790915040,SELL,4147.07,4146.21,0.11375661375656443,SL,1
A,1,XAUUSD.ecn_1790917080_BUY_FILL_1790917200,BUY,4150.91,4147.74,-1.0,SL,0
A,1,XAUUSD.ecn_1790918220_BUY_FILL_1790918460,BUY,4157.54,4160.13,0.6108490566038394,SL,1
A,1,XAUUSD.ecn_1790920680_BUY_FILL_1790921280,BUY,4169.02,4170.59,0.15874620829116856,SL,1
A,1,XAUUSD.ecn_1790928000_BUY_FILL_1790928180,BUY,4184.76,,,AMBIGUOUS_SL_TP,1
A,1,XAUUSD.ecn_1790928840_SELL_FILL_1790929080,SELL,4188.1,4187.3,0.2010050251256959,SL,1
A,1,XAUUSD.ecn_1790928480_BUY_FILL_1790929620,BUY,4186.43,4187.53,0.5641025641020738,SL,1
A,1,XAUUSD.ecn_1790930700_SELL_FILL_1790931060,SELL,4184.98,4184.11,0.15371024734978328,SL,1
A,1,XAUUSD.ecn_1790932500_SELL_FILL_1790932860,SELL,4189.99,4188.63,0.25373134328349345,SL,1
A,1,XAUUSD.ecn_1790945220_SELL_FILL_1790945340,SELL,4182.91,4184.33,-1.0,SL,0
A,1,XAUUSD.ecn_1790946780_SELL_FILL_1790947020,SELL,4172.83,4171.33,0.40983606557378677,SL,1
A,1,XAUUSD.ecn_1790948040_BUY_FILL_1790948220,BUY,4177.84,4178.7300000000005,0.21601941747581335,SL,1
A,1,XAUUSD.ecn_1790952120_SELL_FILL_1790952720,SELL,4180.94,4180.12,0.5899280575536084,SL,1
A,1,XAUUSD.ecn_1790954340_BUY_FILL_1790954580,BUY,4178.14,4179.750000000001,1.0,TP,0
A,1,XAUUSD.ecn_1790959440_SELL_FILL_1790959740,SELL,4192.49,4190.15,1.0,TP,0
A,1,XAUUSD.ecn_1790962260_SELL_FILL_1790962440,SELL,4175.13,4176.85,-1.0,SL,0
A,1,XAUUSD.ecn_1790963700_SELL_FILL_1790964000,SELL,4159.9,4154.8099999999995,1.0,TP,0
A,1,XAUUSD.ecn_1790965620_BUY_FILL_1790965740,BUY,4141.5,4142.6,0.13681592039805582,SL,1
A,1,XAUUSD.ecn_1790970360_BUY_FILL_1790970540,BUY,4137.1,4138.78,0.563758389261448,SL,1
A,1,XAUUSD.ecn_1790971620_SELL_FILL_1790973240,SELL,4139.19,4137.86,0.4156249999998828,SL,1
A,1,XAUUSD.ecn_1790973180_BUY_FILL_1790973480,BUY,4136.58,4137.42,0.2800000000000485,SL,1
B,1,XAUUSD.ecn_1790853960_BUY_FILL_1790854140,BUY,4159.96,4156.24,-1.0,SL,0
B,1,XAUUSD.ecn_1790861100_BUY_FILL_1790861280,BUY,4164.24,4166.5599999999995,1.0,TP,0
B,1,XAUUSD.ecn_1790872860_SELL_FILL_1790873040,SELL,4161.96,4160.79,0.2232824427481148,SL,1
B,1,XAUUSD.ecn_1790875440_BUY_FILL_1790875560,BUY,4158.34,4160.54,1.0,TP,0
B,1,XAUUSD.ecn_1790877120_SELL_FILL_1790877300,SELL,4166.52,4165.53,0.284482758620924,SL,1
B,1,XAUUSD.ecn_1790879520_SELL_FILL_1790879820,SELL,4163.57,4167.55,-1.0,SL,0
B,1,XAUUSD.ecn_1790880660_SELL_FILL_1790880840,SELL,4163.71,4169.02,-1.0,SL,0
B,1,XAUUSD.ecn_1790882400_SELL_FILL_1790882640,SELL,4169.14,4168.8099999999995,0.10784313725519336,SL,1
B,1,XAUUSD.ecn_1790883420_SELL_FILL_1790884020,SELL,4166.36,,,AMBIGUOUS_SL_TP,1
B,1,XAUUSD.ecn_1790885100_BUY_FILL_1790885460,BUY,4171.12,4173.2,0.3067846607669624,SL,1
B,1,XAUUSD.ecn_1790886060_BUY_FILL_1790886240,BUY,4174.99,4176.85,0.48311688311710277,SL,1
B,1,XAUUSD.ecn_1790888280_SELL_FILL_1790888460,SELL,4171.09,4170.48,0.19741100323642502,SL,1
B,1,XAUUSD.ecn_1790890500_BUY_FILL_1790890620,BUY,4178.42,4178.88,0.09426229508197256,SL,1
B,1,XAUUSD.ecn_1790895660_BUY_FILL_1790895840,BUY,4178.09,4179.05,0.3824701195218936,SL,1
B,1,XAUUSD.ecn_1790908800_SELL_FILL_1790909040,SELL,4178.05,4180.74,-1.0,SL,0
B,1,XAUUSD.ecn_1790909400_BUY_FILL_1790909940,BUY,4181.93,4182.26,0.11498257839719156,SL,1
B,1,XAUUSD.ecn_1790913780_SELL_FILL_1790915040,SELL,4147.07,4146.38,0.0912698412697835,SL,1
B,1,XAUUSD.ecn_1790917080_BUY_FILL_1790917200,BUY,4150.91,4147.74,-1.0,SL,0
B,1,XAUUSD.ecn_1790918220_BUY_FILL_1790918460,BUY,4157.54,4158.02,0.11320754716992869,SL,1
B,1,XAUUSD.ecn_1790920680_BUY_FILL_1790921280,BUY,4169.02,4170.59,0.15874620829116856,SL,1
B,1,XAUUSD.ecn_1790928000_BUY_FILL_1790928180,BUY,4184.76,4185.54,0.31199999999989814,SL,1
B,1,XAUUSD.ecn_1790928840_SELL_FILL_1790929080,SELL,4188.1,4187.34,0.19095477386942253,SL,1
B,1,XAUUSD.ecn_1790928480_BUY_FILL_1790929620,BUY,4186.43,4186.99,0.28717948717911884,SL,1
B,1,XAUUSD.ecn_1790930700_SELL_FILL_1790931060,SELL,4184.98,4184.11,0.15371024734978328,SL,1
B,1,XAUUSD.ecn_1790932500_SELL_FILL_1790932860,SELL,4189.99,4188.63,0.25373134328349345,SL,1
B,1,XAUUSD.ecn_1790945220_SELL_FILL_1790945340,SELL,4182.91,4184.33,-1.0,SL,0
B,1,XAUUSD.ecn_1790946780_SELL_FILL_1790947020,SELL,4172.83,4171.33,0.40983606557378677,SL,1
B,1,XAUUSD.ecn_1790948040_BUY_FILL_1790948220,BUY,4177.84,4178.7300000000005,0.21601941747581335,SL,1
B,1,XAUUSD.ecn_1790952120_SELL_FILL_1790952720,SELL,4180.94,4180.12,0.5899280575536084,SL,1
B,1,XAUUSD.ecn_1790954340_BUY_FILL_1790954580,BUY,4178.14,4179.750000000001,1.0,TP,0
B,1,XAUUSD.ecn_1790959440_SELL_FILL_1790959740,SELL,4192.49,4190.15,1.0,TP,0
B,1,XAUUSD.ecn_1790962260_SELL_FILL_1790962440,SELL,4175.13,4176.85,-1.0,SL,0
B,1,XAUUSD.ecn_1790963700_SELL_FILL_1790964000,SELL,4159.9,4154.8099999999995,1.0,TP,0
B,1,XAUUSD.ecn_1790965620_BUY_FILL_1790965740,BUY,4141.5,4142.27,0.0957711442786617,SL,1
B,1,XAUUSD.ecn_1790970360_BUY_FILL_1790970540,BUY,4137.1,4138.78,0.563758389261448,SL,1
B,1,XAUUSD.ecn_1790971620_SELL_FILL_1790973240,SELL,4139.19,4137.86,0.4156249999998828,SL,1
B,1,XAUUSD.ecn_1790973180_BUY_FILL_1790973480,BUY,4136.58,4136.97,0.13000000000010914,SL,1
C,1,XAUUSD.ecn_1790853960_BUY_FILL_1790854140,BUY,4159.96,4156.24,-1.0,SL,0
C,1,XAUUSD.ecn_1790861100_BUY_FILL_1790861280,BUY,4164.24,4166.5599999999995,1.0,TP,0
C,1,XAUUSD.ecn_1790872860_SELL_FILL_1790873040,SELL,4161.96,4160.99,0.1851145038168502,SL,1
C,1,XAUUSD.ecn_1790875440_BUY_FILL_1790875560,BUY,4158.34,4160.54,1.0,TP,0
C,1,XAUUSD.ecn_1790877120_SELL_FILL_1790877300,SELL,4166.52,4165.73,0.22701149425315292,SL,1
C,1,XAUUSD.ecn_1790879520_SELL_FILL_1790879820,SELL,4163.57,4167.55,-1.0,SL,0
C,1,XAUUSD.ecn_1790880660_SELL_FILL_1790880840,SELL,4163.71,4169.02,-1.0,SL,0
C,1,XAUUSD.ecn_1790882400_SELL_FILL_1790882640,SELL,4169.14,4168.0599999999995,0.35294117647092044,SL,1
C,1,XAUUSD.ecn_1790883420_SELL_FILL_1790884020,SELL,4166.36,,,AMBIGUOUS_SL_TP,1
C,1,XAUUSD.ecn_1790885100_BUY_FILL_1790885460,BUY,4171.12,4173.0,0.27728613569324184,SL,1
C,1,XAUUSD.ecn_1790886060_BUY_FILL_1790886240,BUY,4174.99,4176.650000000001,0.4311688311690907,SL,1
C,1,XAUUSD.ecn_1790888280_SELL_FILL_1790888460,SELL,4171.09,,,AMBIGUOUS_SL_TP,1
C,1,XAUUSD.ecn_1790890500_BUY_FILL_1790890620,BUY,4178.42,4173.54,-1.0,SL,0
C,1,XAUUSD.ecn_1790895660_BUY_FILL_1790895840,BUY,4178.09,4178.990000000001,0.3585657370519791,SL,2
C,1,XAUUSD.ecn_1790908800_SELL_FILL_1790909040,SELL,4178.05,4180.74,-1.0,SL,0
C,1,XAUUSD.ecn_1790909400_BUY_FILL_1790909940,BUY,4181.93,4179.06,-1.0,SL,0
C,1,XAUUSD.ecn_1790913780_SELL_FILL_1790915040,SELL,4147.07,4146.41,0.08730158730156343,SL,1
C,1,XAUUSD.ecn_1790917080_BUY_FILL_1790917200,BUY,4150.91,4147.74,-1.0,SL,0
C,1,XAUUSD.ecn_1790918220_BUY_FILL_1790918460,BUY,4157.54,4159.93,0.5636792452831251,SL,1
C,1,XAUUSD.ecn_1790920680_BUY_FILL_1790921280,BUY,4169.02,4170.39,0.13852376137511077,SL,1
C,1,XAUUSD.ecn_1790928000_BUY_FILL_1790928180,BUY,4184.76,,,AMBIGUOUS_SL_TP,1
C,1,XAUUSD.ecn_1790928840_SELL_FILL_1790929080,SELL,4188.1,4187.5,0.15075376884432906,SL,1
C,1,XAUUSD.ecn_1790928480_BUY_FILL_1790929620,BUY,4186.43,4187.33,0.46153846153810274,SL,1
C,1,XAUUSD.ecn_1790930700_SELL_FILL_1790931060,SELL,4184.98,4184.3099999999995,0.1183745583038838,SL,1
C,1,XAUUSD.ecn_1790932500_SELL_FILL_1790932860,SELL,4189.99,4188.83,0.21641791044771055,SL,1
C,1,XAUUSD.ecn_1790945220_SELL_FILL_1790945340,SELL,4182.91,4184.33,-1.0,SL,0
C,1,XAUUSD.ecn_1790946780_SELL_FILL_1790947020,SELL,4172.83,,,AMBIGUOUS_SL_TP,2
C,1,XAUUSD.ecn_1790948040_BUY_FILL_1790948220,BUY,4177.84,4178.530000000001,0.16747572815546785,SL,1
C,1,XAUUSD.ecn_1790952120_SELL_FILL_1790952720,SELL,4180.94,4180.32,0.4460431654674423,SL,1
C,1,XAUUSD.ecn_1790954340_BUY_FILL_1790954580,BUY,4178.14,4179.750000000001,1.0,TP,0
C,1,XAUUSD.ecn_1790959440_SELL_FILL_1790959740,SELL,4192.49,4190.15,1.0,TP,0
C,1,XAUUSD.ecn_1790962260_SELL_FILL_1790962440,SELL,4175.13,4176.85,-1.0,SL,0
C,1,XAUUSD.ecn_1790963700_SELL_FILL_1790964000,SELL,4159.9,4154.8099999999995,1.0,TP,0
C,1,XAUUSD.ecn_1790965620_BUY_FILL_1790965740,BUY,4141.5,4142.400000000001,0.11194029850753107,SL,1
C,1,XAUUSD.ecn_1790970360_BUY_FILL_1790970540,BUY,4137.1,4138.58,0.4966442953017881,SL,1
C,1,XAUUSD.ecn_1790971620_SELL_FILL_1790973240,SELL,4139.19,4138.0599999999995,0.35312499999995384,SL,1
C,1,XAUUSD.ecn_1790973180_BUY_FILL_1790973480,BUY,4136.58,4137.22,0.21333333333344248,SL,1
D,1,XAUUSD.ecn_1790853960_BUY_FILL_1790854140,BUY,4159.96,4156.24,-1.0,SL,0
D,1,XAUUSD.ecn_1790861100_BUY_FILL_1790861280,BUY,4164.24,4166.5599999999995,1.0,TP,0
D,1,XAUUSD.ecn_1790872860_SELL_FILL_1790873040,SELL,4161.96,4156.72,1.0,TP,0
D,1,XAUUSD.ecn_1790875440_BUY_FILL_1790875560,BUY,4158.34,4160.54,1.0,TP,0
D,1,XAUUSD.ecn_1790877120_SELL_FILL_1790877300,SELL,4166.52,4163.040000000001,1.0,TP,0
D,1,XAUUSD.ecn_1790879520_SELL_FILL_1790879820,SELL,4163.57,4167.55,-1.0,SL,0
D,1,XAUUSD.ecn_1790880660_SELL_FILL_1790880840,SELL,4163.71,4169.02,-1.0,SL,0
D,1,XAUUSD.ecn_1790882400_SELL_FILL_1790882640,SELL,4169.14,4166.080000000001,1.0,TP,0
D,1,XAUUSD.ecn_1790883420_SELL_FILL_1790884020,SELL,4166.36,4162.48,1.0,TP,0
D,1,XAUUSD.ecn_1790885100_BUY_FILL_1790885460,BUY,4171.12,4177.9,1.0,TP,0
D,1,XAUUSD.ecn_1790886060_BUY_FILL_1790886600,BUY,4174.99,4178.839999999999,1.0,TP,0
D,1,XAUUSD.ecn_1790888280_SELL_FILL_1790888460,SELL,4171.09,4168.0,1.0,TP,0
D,1,XAUUSD.ecn_1790890500_BUY_FILL_1790890620,BUY,4178.42,4173.54,-1.0,SL,0
D,1,XAUUSD.ecn_1790895660_BUY_FILL_1790895840,BUY,4178.09,4175.58,-1.0,SL,0
D,1,XAUUSD.ecn_1790908800_SELL_FILL_1790909040,SELL,4178.05,4180.74,-1.0,SL,0
D,1,XAUUSD.ecn_1790909400_BUY_FILL_1790909940,BUY,4181.93,4179.06,-1.0,SL,0
D,1,XAUUSD.ecn_1790913780_SELL_FILL_1790915040,SELL,4147.07,4154.63,-1.0,SL,0
D,1,XAUUSD.ecn_1790918220_BUY_FILL_1790918460,BUY,4157.54,4161.78,1.0,TP,0
D,1,XAUUSD.ecn_1790920680_BUY_FILL_1790921280,BUY,4169.02,4178.910000000001,1.0,TP,0
D,1,XAUUSD.ecn_1790928000_BUY_FILL_1790928180,BUY,4184.76,4187.26,1.0,TP,0
D,1,XAUUSD.ecn_1790928840_SELL_FILL_1790929080,SELL,4188.1,4184.120000000001,1.0,TP,0
D,1,XAUUSD.ecn_1790930700_SELL_FILL_1790931060,SELL,4184.98,4190.64,-1.0,SL,0
D,1,XAUUSD.ecn_1790932500_SELL_FILL_1790932860,SELL,4189.99,4184.629999999999,1.0,TP,0
D,1,XAUUSD.ecn_1790945220_SELL_FILL_1790945340,SELL,4182.91,4184.33,-1.0,SL,0
D,1,XAUUSD.ecn_1790946780_SELL_FILL_1790947020,SELL,4172.83,4169.17,1.0,TP,0
D,1,XAUUSD.ecn_1790948040_BUY_FILL_1790948220,BUY,4177.84,4181.96,1.0,TP,0
D,1,XAUUSD.ecn_1790952120_SELL_FILL_1790952720,SELL,4180.94,4182.33,-1.0,SL,0
D,1,XAUUSD.ecn_1790954340_BUY_FILL_1790954580,BUY,4178.14,4179.750000000001,1.0,TP,0
D,1,XAUUSD.ecn_1790959440_SELL_FILL_1790959740,SELL,4192.49,4190.15,1.0,TP,0
D,1,XAUUSD.ecn_1790962260_SELL_FILL_1790962440,SELL,4175.13,4176.85,-1.0,SL,0
D,1,XAUUSD.ecn_1790963700_SELL_FILL_1790964000,SELL,4159.9,4154.8099999999995,1.0,TP,0
D,1,XAUUSD.ecn_1790965620_BUY_FILL_1790965740,BUY,4141.5,4133.46,-1.0,SL,0
D,1,XAUUSD.ecn_1790970360_BUY_FILL_1790970540,BUY,4137.1,4140.080000000001,1.0,TP,0
D,1,XAUUSD.ecn_1790971620_SELL_FILL_1790973240,SELL,4139.19,4135.989999999999,1.0,TP,0
D,1,XAUUSD.ecn_1790973180_BUY_FILL_1790973600,BUY,4136.58,4139.58,1.0,TP,0
E,1,XAUUSD.ecn_1790853960_BUY_FILL_1790854140,BUY,4159.96,4156.24,-1.0,SL,0
E,1,XAUUSD.ecn_1790861100_BUY_FILL_1790861280,BUY,4164.24,4166.5599999999995,1.0,TP,0
E,1,XAUUSD.ecn_1790872860_SELL_FILL_1790873040,SELL,4161.96,4162.2699999999995,-0.059160305343416715,SL,1
E,1,XAUUSD.ecn_1790875440_BUY_FILL_1790875560,BUY,4158.34,4160.54,1.0,TP,0
E,1,XAUUSD.ecn_1790877120_SELL_FILL_1790877300,SELL,4166.52,4165.73,0.22701149425315292,SL,1
E,1,XAUUSD.ecn_1790879520_SELL_FILL_1790879820,SELL,4163.57,4167.55,-1.0,SL,0
E,1,XAUUSD.ecn_1790880660_SELL_FILL_1790880840,SELL,4163.71,4169.02,-1.0,SL,0
E,1,XAUUSD.ecn_1790882400_SELL_FILL_1790882640,SELL,4169.14,4169.009999999999,0.04248366013105891,SL,1
E,1,XAUUSD.ecn_1790883420_SELL_FILL_1790884020,SELL,4166.36,4166.3099999999995,0.01288659793819085,SL,1
E,1,XAUUSD.ecn_1790885100_BUY_FILL_1790885460,BUY,4171.12,4173.0,0.27728613569324184,SL,1
E,1,XAUUSD.ecn_1790886060_BUY_FILL_1790886240,BUY,4174.99,4176.650000000001,0.4311688311690907,SL,1
E,1,XAUUSD.ecn_1790888280_SELL_FILL_1790888460,SELL,4171.09,4170.679999999999,0.1326860841426358,SL,1
E,1,XAUUSD.ecn_1790890500_BUY_FILL_1790890620,BUY,4178.42,4178.370000000001,-0.010245901639194935,SL,1
E,1,XAUUSD.ecn_1790895660_BUY_FILL_1790895840,BUY,4178.09,4178.06,-0.011952191234957265,SL,1
E,1,XAUUSD.ecn_1790908800_SELL_FILL_1790909040,SELL,4178.05,4178.4,-0.13011152416338526,SL,1
E,1,XAUUSD.ecn_1790909400_BUY_FILL_1790909940,BUY,4181.93,4181.84,-0.0313588850174735,SL,1
E,1,XAUUSD.ecn_1790913780_SELL_FILL_1790915040,SELL,4147.07,4146.58,0.06481481481478252,SL,1
E,1,XAUUSD.ecn_1790917080_BUY_FILL_1790917200,BUY,4150.91,4147.74,-1.0,SL,0
E,1,XAUUSD.ecn_1790918220_BUY_FILL_1790918460,BUY,4157.54,4157.820000000001,0.06603773584921445,SL,1
E,1,XAUUSD.ecn_1790920680_BUY_FILL_1790921280,BUY,4169.02,4170.39,0.13852376137511077,SL,2
E,1,XAUUSD.ecn_1790928000_BUY_FILL_1790928180,BUY,4184.76,4185.34,0.2319999999999709,SL,1
E,1,XAUUSD.ecn_1790928840_SELL_FILL_1790929080,SELL,4188.1,4187.54,0.1407035175880557,SL,2
E,1,XAUUSD.ecn_1790928480_BUY_FILL_1790929620,BUY,4186.43,4186.79,0.18461538461514782,SL,1
E,1,XAUUSD.ecn_1790930700_SELL_FILL_1790931060,SELL,4184.98,4184.3099999999995,0.1183745583038838,SL,1
E,1,XAUUSD.ecn_1790932500_SELL_FILL_1790932860,SELL,4189.99,4190.19,-0.03731343283578291,SL,1
E,1,XAUUSD.ecn_1790945220_SELL_FILL_1790945340,SELL,4182.91,4183.08,-0.11971830985920004,SL,1
E,1,XAUUSD.ecn_1790946780_SELL_FILL_1790947020,SELL,4172.83,,,AMBIGUOUS_SL_TP,2
E,1,XAUUSD.ecn_1790948040_BUY_FILL_1790948220,BUY,4177.84,4177.81,-0.007281553397996635,SL,1
E,1,XAUUSD.ecn_1790952120_SELL_FILL_1790952720,SELL,4180.94,4180.32,0.4460431654674423,SL,1
E,1,XAUUSD.ecn_1790954340_BUY_FILL_1790954580,BUY,4178.14,4179.750000000001,1.0,TP,0
E,1,XAUUSD.ecn_1790959440_SELL_FILL_1790959740,SELL,4192.49,4190.15,1.0,TP,0
E,1,XAUUSD.ecn_1790962260_SELL_FILL_1790962440,SELL,4175.13,4176.85,-1.0,SL,0
E,1,XAUUSD.ecn_1790963700_SELL_FILL_1790964000,SELL,4159.9,4154.8099999999995,1.0,TP,0
E,1,XAUUSD.ecn_1790965620_BUY_FILL_1790965740,BUY,4141.5,4142.070000000001,0.07089552238813694,SL,1
E,1,XAUUSD.ecn_1790970360_BUY_FILL_1790970540,BUY,4137.1,4138.58,0.4966442953017881,SL,1
E,1,XAUUSD.ecn_1790971620_SELL_FILL_1790973240,SELL,4139.19,4138.0599999999995,0.35312499999995384,SL,1
E,1,XAUUSD.ecn_1790973180_BUY_FILL_1790973480,BUY,4136.58,4136.77,0.0633333333335031,SL,1
A,2,XAUUSD.ecn_1790853960_BUY_FILL_1790854140,BUY,4159.96,4156.24,-1.0,SL,0
A,2,XAUUSD.ecn_1790861100_BUY_FILL_1790861280,BUY,4164.24,4166.5599999999995,1.0,TP,0
A,2,XAUUSD.ecn_1790872860_SELL_FILL_1790873040,SELL,4161.96,4160.79,0.2232824427481148,SL,1
A,2,XAUUSD.ecn_1790875440_BUY_FILL_1790875560,BUY,4158.34,4160.54,1.0,TP,0
A,2,XAUUSD.ecn_1790877120_SELL_FILL_1790877300,SELL,4166.52,4165.53,0.284482758620924,SL,1
A,2,XAUUSD.ecn_1790879520_SELL_FILL_1790879820,SELL,4163.57,4167.55,-1.0,SL,0
A,2,XAUUSD.ecn_1790880660_SELL_FILL_1790880840,SELL,4163.71,4169.02,-1.0,SL,0
A,2,XAUUSD.ecn_1790882400_SELL_FILL_1790882640,SELL,4169.14,4167.86,0.41830065359505486,SL,1
A,2,XAUUSD.ecn_1790883420_SELL_FILL_1790884020,SELL,4166.36,,,AMBIGUOUS_SL_TP,1
A,2,XAUUSD.ecn_1790885100_BUY_FILL_1790885460,BUY,4171.12,4173.2,0.3067846607669624,SL,1
A,2,XAUUSD.ecn_1790886060_BUY_FILL_1790886240,BUY,4174.99,4176.85,0.48311688311710277,SL,1
A,2,XAUUSD.ecn_1790888280_SELL_FILL_1790888460,SELL,4171.09,,,AMBIGUOUS_SL_TP,1
A,2,XAUUSD.ecn_1790890500_BUY_FILL_1790890620,BUY,4178.42,4173.54,-1.0,SL,0
A,2,XAUUSD.ecn_1790895660_BUY_FILL_1790895840,BUY,4178.09,4179.05,0.3824701195218936,SL,1
A,2,XAUUSD.ecn_1790908800_SELL_FILL_1790909040,SELL,4178.05,4180.74,-1.0,SL,0
A,2,XAUUSD.ecn_1790909400_BUY_FILL_1790909940,BUY,4181.93,4179.06,-1.0,SL,0
A,2,XAUUSD.ecn_1790913780_SELL_FILL_1790915040,SELL,4147.07,4146.21,0.11375661375656443,SL,1
A,2,XAUUSD.ecn_1790917080_BUY_FILL_1790917200,BUY,4150.91,4147.74,-1.0,SL,0
A,2,XAUUSD.ecn_1790918220_BUY_FILL_1790918460,BUY,4157.54,4160.13,0.6108490566038394,SL,1
A,2,XAUUSD.ecn_1790920680_BUY_FILL_1790921280,BUY,4169.02,4170.59,0.15874620829116856,SL,1
A,2,XAUUSD.ecn_1790928000_BUY_FILL_1790928180,BUY,4184.76,,,AMBIGUOUS_SL_TP,1
A,2,XAUUSD.ecn_1790928840_SELL_FILL_1790929080,SELL,4188.1,4187.3,0.2010050251256959,SL,1
A,2,XAUUSD.ecn_1790928480_BUY_FILL_1790929620,BUY,4186.43,4187.53,0.5641025641020738,SL,1
A,2,XAUUSD.ecn_1790930700_SELL_FILL_1790931060,SELL,4184.98,4184.11,0.15371024734978328,SL,1
A,2,XAUUSD.ecn_1790932500_SELL_FILL_1790932860,SELL,4189.99,4188.63,0.25373134328349345,SL,1
A,2,XAUUSD.ecn_1790945220_SELL_FILL_1790945340,SELL,4182.91,4184.33,-1.0,SL,0
A,2,XAUUSD.ecn_1790946780_SELL_FILL_1790947020,SELL,4172.83,4171.33,0.40983606557378677,SL,1
A,2,XAUUSD.ecn_1790948040_BUY_FILL_1790948220,BUY,4177.84,4178.7300000000005,0.21601941747581335,SL,1
A,2,XAUUSD.ecn_1790952120_SELL_FILL_1790952720,SELL,4180.94,4180.12,0.5899280575536084,SL,1
A,2,XAUUSD.ecn_1790954340_BUY_FILL_1790954580,BUY,4178.14,4179.750000000001,1.0,TP,0
A,2,XAUUSD.ecn_1790959440_SELL_FILL_1790959740,SELL,4192.49,4190.15,1.0,TP,0
A,2,XAUUSD.ecn_1790962260_SELL_FILL_1790962440,SELL,4175.13,4176.85,-1.0,SL,0
A,2,XAUUSD.ecn_1790963700_SELL_FILL_1790964000,SELL,4159.9,4154.8099999999995,1.0,TP,0
A,2,XAUUSD.ecn_1790965620_BUY_FILL_1790965740,BUY,4141.5,4142.6,0.13681592039805582,SL,1
A,2,XAUUSD.ecn_1790970360_BUY_FILL_1790970540,BUY,4137.1,4138.78,0.563758389261448,SL,1
A,2,XAUUSD.ecn_1790971620_SELL_FILL_1790973240,SELL,4139.19,4137.86,0.4156249999998828,SL,1
A,2,XAUUSD.ecn_1790973180_BUY_FILL_1790973480,BUY,4136.58,4137.42,0.2800000000000485,SL,1
B,2,XAUUSD.ecn_1790853960_BUY_FILL_1790854140,BUY,4159.96,4156.24,-1.0,SL,0
B,2,XAUUSD.ecn_1790861100_BUY_FILL_1790861280,BUY,4164.24,4166.5599999999995,1.0,TP,0
B,2,XAUUSD.ecn_1790872860_SELL_FILL_1790873040,SELL,4161.96,4160.79,0.2232824427481148,SL,1
B,2,XAUUSD.ecn_1790875440_BUY_FILL_1790875560,BUY,4158.34,4160.54,1.0,TP,0
B,2,XAUUSD.ecn_1790877120_SELL_FILL_1790877300,SELL,4166.52,4165.53,0.284482758620924,SL,1
B,2,XAUUSD.ecn_1790879520_SELL_FILL_1790879820,SELL,4163.57,4167.55,-1.0,SL,0
B,2,XAUUSD.ecn_1790880660_SELL_FILL_1790880840,SELL,4163.71,4169.02,-1.0,SL,0
B,2,XAUUSD.ecn_1790882400_SELL_FILL_1790882640,SELL,4169.14,4168.8099999999995,0.10784313725519336,SL,1
B,2,XAUUSD.ecn_1790883420_SELL_FILL_1790884020,SELL,4166.36,,,AMBIGUOUS_SL_TP,1
B,2,XAUUSD.ecn_1790885100_BUY_FILL_1790885460,BUY,4171.12,4173.2,0.3067846607669624,SL,1
B,2,XAUUSD.ecn_1790886060_BUY_FILL_1790886240,BUY,4174.99,4176.85,0.48311688311710277,SL,1
B,2,XAUUSD.ecn_1790888280_SELL_FILL_1790888460,SELL,4171.09,4170.48,0.19741100323642502,SL,1
B,2,XAUUSD.ecn_1790890500_BUY_FILL_1790890620,BUY,4178.42,4178.88,0.09426229508197256,SL,1
B,2,XAUUSD.ecn_1790895660_BUY_FILL_1790895840,BUY,4178.09,4179.05,0.3824701195218936,SL,1
B,2,XAUUSD.ecn_1790908800_SELL_FILL_1790909040,SELL,4178.05,4180.74,-1.0,SL,0
B,2,XAUUSD.ecn_1790909400_BUY_FILL_1790909940,BUY,4181.93,4182.26,0.11498257839719156,SL,1
B,2,XAUUSD.ecn_1790913780_SELL_FILL_1790915040,SELL,4147.07,4146.38,0.0912698412697835,SL,1
B,2,XAUUSD.ecn_1790917080_BUY_FILL_1790917200,BUY,4150.91,4147.74,-1.0,SL,0
B,2,XAUUSD.ecn_1790918220_BUY_FILL_1790918460,BUY,4157.54,4158.02,0.11320754716992869,SL,1
B,2,XAUUSD.ecn_1790920680_BUY_FILL_1790921280,BUY,4169.02,4170.59,0.15874620829116856,SL,1
B,2,XAUUSD.ecn_1790928000_BUY_FILL_1790928180,BUY,4184.76,4185.54,0.31199999999989814,SL,1
B,2,XAUUSD.ecn_1790928840_SELL_FILL_1790929080,SELL,4188.1,4187.34,0.19095477386942253,SL,1
B,2,XAUUSD.ecn_1790928480_BUY_FILL_1790929620,BUY,4186.43,4186.99,0.28717948717911884,SL,1
B,2,XAUUSD.ecn_1790930700_SELL_FILL_1790931060,SELL,4184.98,4184.11,0.15371024734978328,SL,1
B,2,XAUUSD.ecn_1790932500_SELL_FILL_1790932860,SELL,4189.99,4188.63,0.25373134328349345,SL,1
B,2,XAUUSD.ecn_1790945220_SELL_FILL_1790945340,SELL,4182.91,4184.33,-1.0,SL,0
B,2,XAUUSD.ecn_1790946780_SELL_FILL_1790947020,SELL,4172.83,4171.33,0.40983606557378677,SL,1
B,2,XAUUSD.ecn_1790948040_BUY_FILL_1790948220,BUY,4177.84,4178.7300000000005,0.21601941747581335,SL,1
B,2,XAUUSD.ecn_1790952120_SELL_FILL_1790952720,SELL,4180.94,4180.12,0.5899280575536084,SL,1
B,2,XAUUSD.ecn_1790954340_BUY_FILL_1790954580,BUY,4178.14,4179.750000000001,1.0,TP,0
B,2,XAUUSD.ecn_1790959440_SELL_FILL_1790959740,SELL,4192.49,4190.15,1.0,TP,0
B,2,XAUUSD.ecn_1790962260_SELL_FILL_1790962440,SELL,4175.13,4176.85,-1.0,SL,0
B,2,XAUUSD.ecn_1790963700_SELL_FILL_1790964000,SELL,4159.9,4154.8099999999995,1.0,TP,0
B,2,XAUUSD.ecn_1790965620_BUY_FILL_1790965740,BUY,4141.5,4142.27,0.0957711442786617,SL,1
B,2,XAUUSD.ecn_1790970360_BUY_FILL_1790970540,BUY,4137.1,4138.78,0.563758389261448,SL,1
B,2,XAUUSD.ecn_1790971620_SELL_FILL_1790973240,SELL,4139.19,4137.86,0.4156249999998828,SL,1
B,2,XAUUSD.ecn_1790973180_BUY_FILL_1790973480,BUY,4136.58,4136.97,0.13000000000010914,SL,1
C,2,XAUUSD.ecn_1790853960_BUY_FILL_1790854140,BUY,4159.96,4156.24,-1.0,SL,0
C,2,XAUUSD.ecn_1790861100_BUY_FILL_1790861280,BUY,4164.24,4166.5599999999995,1.0,TP,0
C,2,XAUUSD.ecn_1790872860_SELL_FILL_1790873040,SELL,4161.96,4160.99,0.1851145038168502,SL,1
C,2,XAUUSD.ecn_1790875440_BUY_FILL_1790875560,BUY,4158.34,4160.54,1.0,TP,0
C,2,XAUUSD.ecn_1790877120_SELL_FILL_1790877300,SELL,4166.52,4165.73,0.22701149425315292,SL,1
C,2,XAUUSD.ecn_1790879520_SELL_FILL_1790879820,SELL,4163.57,4167.55,-1.0,SL,0
C,2,XAUUSD.ecn_1790880660_SELL_FILL_1790880840,SELL,4163.71,4169.02,-1.0,SL,0
C,2,XAUUSD.ecn_1790882400_SELL_FILL_1790882640,SELL,4169.14,4168.0599999999995,0.35294117647092044,SL,1
C,2,XAUUSD.ecn_1790883420_SELL_FILL_1790884020,SELL,4166.36,,,AMBIGUOUS_SL_TP,1
C,2,XAUUSD.ecn_1790885100_BUY_FILL_1790885460,BUY,4171.12,4173.0,0.27728613569324184,SL,1
C,2,XAUUSD.ecn_1790886060_BUY_FILL_1790886240,BUY,4174.99,4176.650000000001,0.4311688311690907,SL,1
C,2,XAUUSD.ecn_1790888280_SELL_FILL_1790888460,SELL,4171.09,,,AMBIGUOUS_SL_TP,1
C,2,XAUUSD.ecn_1790890500_BUY_FILL_1790890620,BUY,4178.42,4173.54,-1.0,SL,0
C,2,XAUUSD.ecn_1790895660_BUY_FILL_1790895840,BUY,4178.09,4178.990000000001,0.3585657370519791,SL,2
C,2,XAUUSD.ecn_1790908800_SELL_FILL_1790909040,SELL,4178.05,4180.74,-1.0,SL,0
C,2,XAUUSD.ecn_1790909400_BUY_FILL_1790909940,BUY,4181.93,4179.06,-1.0,SL,0
C,2,XAUUSD.ecn_1790913780_SELL_FILL_1790915040,SELL,4147.07,4146.41,0.08730158730156343,SL,1
C,2,XAUUSD.ecn_1790917080_BUY_FILL_1790917200,BUY,4150.91,4147.74,-1.0,SL,0
C,2,XAUUSD.ecn_1790918220_BUY_FILL_1790918460,BUY,4157.54,4159.93,0.5636792452831251,SL,1
C,2,XAUUSD.ecn_1790920680_BUY_FILL_1790921280,BUY,4169.02,4170.39,0.13852376137511077,SL,1
C,2,XAUUSD.ecn_1790928000_BUY_FILL_1790928180,BUY,4184.76,,,AMBIGUOUS_SL_TP,1
C,2,XAUUSD.ecn_1790928840_SELL_FILL_1790929080,SELL,4188.1,4187.5,0.15075376884432906,SL,1
C,2,XAUUSD.ecn_1790928480_BUY_FILL_1790929620,BUY,4186.43,4187.33,0.46153846153810274,SL,1
C,2,XAUUSD.ecn_1790930700_SELL_FILL_1790931060,SELL,4184.98,4184.3099999999995,0.1183745583038838,SL,1
C,2,XAUUSD.ecn_1790932500_SELL_FILL_1790932860,SELL,4189.99,4188.83,0.21641791044771055,SL,1
C,2,XAUUSD.ecn_1790945220_SELL_FILL_1790945340,SELL,4182.91,4184.33,-1.0,SL,0
C,2,XAUUSD.ecn_1790946780_SELL_FILL_1790947020,SELL,4172.83,,,AMBIGUOUS_SL_TP,2
C,2,XAUUSD.ecn_1790948040_BUY_FILL_1790948220,BUY,4177.84,4178.530000000001,0.16747572815546785,SL,1
C,2,XAUUSD.ecn_1790952120_SELL_FILL_1790952720,SELL,4180.94,4180.32,0.4460431654674423,SL,1
C,2,XAUUSD.ecn_1790954340_BUY_FILL_1790954580,BUY,4178.14,4179.750000000001,1.0,TP,0
C,2,XAUUSD.ecn_1790959440_SELL_FILL_1790959740,SELL,4192.49,4190.15,1.0,TP,0
C,2,XAUUSD.ecn_1790962260_SELL_FILL_1790962440,SELL,4175.13,4176.85,-1.0,SL,0
C,2,XAUUSD.ecn_1790963700_SELL_FILL_1790964000,SELL,4159.9,4154.8099999999995,1.0,TP,0
C,2,XAUUSD.ecn_1790965620_BUY_FILL_1790965740,BUY,4141.5,4142.400000000001,0.11194029850753107,SL,1
C,2,XAUUSD.ecn_1790970360_BUY_FILL_1790970540,BUY,4137.1,4138.58,0.4966442953017881,SL,1
C,2,XAUUSD.ecn_1790971620_SELL_FILL_1790973240,SELL,4139.19,4138.0599999999995,0.35312499999995384,SL,1
C,2,XAUUSD.ecn_1790973180_BUY_FILL_1790973480,BUY,4136.58,4137.22,0.21333333333344248,SL,1
D,2,XAUUSD.ecn_1790853960_BUY_FILL_1790854140,BUY,4159.96,4156.24,-1.0,SL,0
D,2,XAUUSD.ecn_1790861100_BUY_FILL_1790861280,BUY,4164.24,4166.5599999999995,1.0,TP,0
D,2,XAUUSD.ecn_1790872860_SELL_FILL_1790873040,SELL,4161.96,4156.72,1.0,TP,0
D,2,XAUUSD.ecn_1790875440_BUY_FILL_1790875560,BUY,4158.34,4160.54,1.0,TP,0
D,2,XAUUSD.ecn_1790877120_SELL_FILL_1790877300,SELL,4166.52,4163.040000000001,1.0,TP,0
D,2,XAUUSD.ecn_1790879520_SELL_FILL_1790879820,SELL,4163.57,4167.55,-1.0,SL,0
D,2,XAUUSD.ecn_1790880660_SELL_FILL_1790880840,SELL,4163.71,4169.02,-1.0,SL,0
D,2,XAUUSD.ecn_1790882400_SELL_FILL_1790882640,SELL,4169.14,4166.080000000001,1.0,TP,0
D,2,XAUUSD.ecn_1790883420_SELL_FILL_1790884020,SELL,4166.36,4162.48,1.0,TP,0
D,2,XAUUSD.ecn_1790886060_BUY_FILL_1790886240,BUY,4174.99,4171.14,-1.0,SL,0
D,2,XAUUSD.ecn_1790885100_BUY_FILL_1790885460,BUY,4171.12,4177.9,1.0,TP,0
D,2,XAUUSD.ecn_1790888280_SELL_FILL_1790888460,SELL,4171.09,4168.0,1.0,TP,0
D,2,XAUUSD.ecn_1790890500_BUY_FILL_1790890620,BUY,4178.42,4173.54,-1.0,SL,0
D,2,XAUUSD.ecn_1790895660_BUY_FILL_1790895840,BUY,4178.09,4175.58,-1.0,SL,0
D,2,XAUUSD.ecn_1790908800_SELL_FILL_1790909040,SELL,4178.05,4180.74,-1.0,SL,0
D,2,XAUUSD.ecn_1790909400_BUY_FILL_1790909940,BUY,4181.93,4179.06,-1.0,SL,0
D,2,XAUUSD.ecn_1790917080_BUY_FILL_1790917200,BUY,4150.91,4147.74,-1.0,SL,0
D,2,XAUUSD.ecn_1790913780_SELL_FILL_1790915040,SELL,4147.07,4154.63,-1.0,SL,0
D,2,XAUUSD.ecn_1790918220_BUY_FILL_1790918460,BUY,4157.54,4161.78,1.0,TP,0
D,2,XAUUSD.ecn_1790920680_BUY_FILL_1790921280,BUY,4169.02,4178.910000000001,1.0,TP,0
D,2,XAUUSD.ecn_1790928000_BUY_FILL_1790928180,BUY,4184.76,4187.26,1.0,TP,0
D,2,XAUUSD.ecn_1790928480_BUY_FILL_1790929620,BUY,4186.43,4188.380000000001,1.0,TP,0
D,2,XAUUSD.ecn_1790928840_SELL_FILL_1790929080,SELL,4188.1,4184.120000000001,1.0,TP,0
D,2,XAUUSD.ecn_1790930700_SELL_FILL_1790931060,SELL,4184.98,4190.64,-1.0,SL,0
D,2,XAUUSD.ecn_1790932500_SELL_FILL_1790932860,SELL,4189.99,4184.629999999999,1.0,TP,0
D,2,XAUUSD.ecn_1790945220_SELL_FILL_1790945340,SELL,4182.91,4184.33,-1.0,SL,0
D,2,XAUUSD.ecn_1790946780_SELL_FILL_1790947020,SELL,4172.83,4169.17,1.0,TP,0
D,2,XAUUSD.ecn_1790948040_BUY_FILL_1790948220,BUY,4177.84,4181.96,1.0,TP,0
D,2,XAUUSD.ecn_1790952120_SELL_FILL_1790952720,SELL,4180.94,4182.33,-1.0,SL,0
D,2,XAUUSD.ecn_1790954340_BUY_FILL_1790954580,BUY,4178.14,4179.750000000001,1.0,TP,0
D,2,XAUUSD.ecn_1790959440_SELL_FILL_1790959740,SELL,4192.49,4190.15,1.0,TP,0
D,2,XAUUSD.ecn_1790962260_SELL_FILL_1790962440,SELL,4175.13,4176.85,-1.0,SL,0
D,2,XAUUSD.ecn_1790963700_SELL_FILL_1790964000,SELL,4159.9,4154.8099999999995,1.0,TP,0
D,2,XAUUSD.ecn_1790965620_BUY_FILL_1790965740,BUY,4141.5,4133.46,-1.0,SL,0
D,2,XAUUSD.ecn_1790970360_BUY_FILL_1790970540,BUY,4137.1,4140.080000000001,1.0,TP,0
D,2,XAUUSD.ecn_1790971620_SELL_FILL_1790973240,SELL,4139.19,4135.989999999999,1.0,TP,0
D,2,XAUUSD.ecn_1790973180_BUY_FILL_1790973480,BUY,4136.58,4139.58,1.0,TP,0
E,2,XAUUSD.ecn_1790853960_BUY_FILL_1790854140,BUY,4159.96,4156.24,-1.0,SL,0
E,2,XAUUSD.ecn_1790861100_BUY_FILL_1790861280,BUY,4164.24,4166.5599999999995,1.0,TP,0
E,2,XAUUSD.ecn_1790872860_SELL_FILL_1790873040,SELL,4161.96,4162.2699999999995,-0.059160305343416715,SL,1
E,2,XAUUSD.ecn_1790875440_BUY_FILL_1790875560,BUY,4158.34,4160.54,1.0,TP,0
E,2,XAUUSD.ecn_1790877120_SELL_FILL_1790877300,SELL,4166.52,4165.73,0.22701149425315292,SL,1
E,2,XAUUSD.ecn_1790879520_SELL_FILL_1790879820,SELL,4163.57,4167.55,-1.0,SL,0
E,2,XAUUSD.ecn_1790880660_SELL_FILL_1790880840,SELL,4163.71,4169.02,-1.0,SL,0
E,2,XAUUSD.ecn_1790882400_SELL_FILL_1790882640,SELL,4169.14,4169.009999999999,0.04248366013105891,SL,1
E,2,XAUUSD.ecn_1790883420_SELL_FILL_1790884020,SELL,4166.36,4166.3099999999995,0.01288659793819085,SL,1
E,2,XAUUSD.ecn_1790885100_BUY_FILL_1790885460,BUY,4171.12,4173.0,0.27728613569324184,SL,1
E,2,XAUUSD.ecn_1790886060_BUY_FILL_1790886240,BUY,4174.99,4176.650000000001,0.4311688311690907,SL,1
E,2,XAUUSD.ecn_1790888280_SELL_FILL_1790888460,SELL,4171.09,4170.679999999999,0.1326860841426358,SL,1
E,2,XAUUSD.ecn_1790890500_BUY_FILL_1790890620,BUY,4178.42,4178.370000000001,-0.010245901639194935,SL,1
E,2,XAUUSD.ecn_1790895660_BUY_FILL_1790895840,BUY,4178.09,4178.06,-0.011952191234957265,SL,1
E,2,XAUUSD.ecn_1790908800_SELL_FILL_1790909040,SELL,4178.05,4178.4,-0.13011152416338526,SL,1
E,2,XAUUSD.ecn_1790909400_BUY_FILL_1790909940,BUY,4181.93,4181.84,-0.0313588850174735,SL,1
E,2,XAUUSD.ecn_1790913780_SELL_FILL_1790915040,SELL,4147.07,4146.58,0.06481481481478252,SL,1
E,2,XAUUSD.ecn_1790917080_BUY_FILL_1790917200,BUY,4150.91,4147.74,-1.0,SL,0
E,2,XAUUSD.ecn_1790918220_BUY_FILL_1790918460,BUY,4157.54,4157.820000000001,0.06603773584921445,SL,1
E,2,XAUUSD.ecn_1790920680_BUY_FILL_1790921280,BUY,4169.02,4170.39,0.13852376137511077,SL,2
E,2,XAUUSD.ecn_1790928000_BUY_FILL_1790928180,BUY,4184.76,4185.34,0.2319999999999709,SL,1
E,2,XAUUSD.ecn_1790928840_SELL_FILL_1790929080,SELL,4188.1,4187.54,0.1407035175880557,SL,2
E,2,XAUUSD.ecn_1790928480_BUY_FILL_1790929620,BUY,4186.43,4186.79,0.18461538461514782,SL,1
E,2,XAUUSD.ecn_1790930700_SELL_FILL_1790931060,SELL,4184.98,4184.3099999999995,0.1183745583038838,SL,1
E,2,XAUUSD.ecn_1790932500_SELL_FILL_1790932860,SELL,4189.99,4190.19,-0.03731343283578291,SL,1
E,2,XAUUSD.ecn_1790945220_SELL_FILL_1790945340,SELL,4182.91,4183.08,-0.11971830985920004,SL,1
E,2,XAUUSD.ecn_1790946780_SELL_FILL_1790947020,SELL,4172.83,,,AMBIGUOUS_SL_TP,2
E,2,XAUUSD.ecn_1790948040_BUY_FILL_1790948220,BUY,4177.84,4177.81,-0.007281553397996635,SL,1
E,2,XAUUSD.ecn_1790952120_SELL_FILL_1790952720,SELL,4180.94,4180.32,0.4460431654674423,SL,1
E,2,XAUUSD.ecn_1790954340_BUY_FILL_1790954580,BUY,4178.14,4179.750000000001,1.0,TP,0
E,2,XAUUSD.ecn_1790959440_SELL_FILL_1790959740,SELL,4192.49,4190.15,1.0,TP,0
E,2,XAUUSD.ecn_1790962260_SELL_FILL_1790962440,SELL,4175.13,4176.85,-1.0,SL,0
E,2,XAUUSD.ecn_1790963700_SELL_FILL_1790964000,SELL,4159.9,4154.8099999999995,1.0,TP,0
E,2,XAUUSD.ecn_1790965620_BUY_FILL_1790965740,BUY,4141.5,4142.070000000001,0.07089552238813694,SL,1
E,2,XAUUSD.ecn_1790970360_BUY_FILL_1790970540,BUY,4137.1,4138.58,0.4966442953017881,SL,1
E,2,XAUUSD.ecn_1790971620_SELL_FILL_1790973240,SELL,4139.19,4138.0599999999995,0.35312499999995384,SL,1
E,2,XAUUSD.ecn_1790973180_BUY_FILL_1790973480,BUY,4136.58,4136.77,0.0633333333335031,SL,1
