timestamp_utc,open,high,low,close,tick_volume,spread,real_volume
2026-07-03T01:00:00Z,4128.89,4128.89,4125.33,4126.34,269,26,0
2026-07-03T01:01:00Z,4126.34,4126.45,4125.11,4125.68,163,26,0
2026-07-03T01:02:00Z,4125.65,4126.75,4125.1,4126.42,73,26,0
2026-07-03T01:03:00Z,4126.43,4126.48,4124.96,4126.24,96,26,0
2026-07-03T01:04:00Z,4126.24,4126.24,4125.11,4125.74,76,26,0
2026-07-03T01:05:00Z,4125.62,4125.62,4124.81,4125.08,55,26,0
2026-07-03T01:06:00Z,4125.08,4125.6,4124.74,4124.89,31,26,0
2026-07-03T01:07:00Z,4124.89,4125.27,4124.64,4125.19,21,26,0
2026-07-03T01:08:00Z,4125.19,4125.69,4124.72,4125.45,45,25,0
2026-07-03T01:09:00Z,4125.45,4128.04,4125.45,4127.97,76,25,0
2026-07-03T01:10:00Z,4127.98,4128.04,4126.99,4127.05,62,26,0
2026-07-03T01:11:00Z,4127.05,4127.05,4125.56,4125.87,36,26,0
2026-07-03T01:12:00Z,4125.83,4125.83,4125.2,4125.43,18,26,0
2026-07-03T01:13:00Z,4125.56,4125.57,4124.43,4124.61,26,25,0
2026-07-03T01:14:00Z,4124.61,4124.99,4124.54,4124.54,30,25,0
2026-07-03T01:15:00Z,4124.54,4125.19,4124.13,4124.33,53,25,0
2026-07-03T01:16:00Z,4124.33,4124.57,4123.9,4123.91,51,26,0
2026-07-03T01:17:00Z,4123.91,4124.71,4123.91,4124.63,43,25,0
2026-07-03T01:18:00Z,4124.63,4125.0,4123.75,4124.97,69,25,0
2026-07-03T01:19:00Z,4124.97,4125.25,4124.79,4124.89,40,25,0
2026-07-03T01:20:00Z,4124.8,4125.38,4124.29,4125.01,60,25,0
2026-07-03T01:21:00Z,4125.01,4125.11,4124.32,4124.84,38,26,0
2026-07-03T01:22:00Z,4124.84,4124.85,4122.92,4123.23,44,25,0
2026-07-03T01:23:00Z,4123.23,4123.56,4122.99,4123.5,44,25,0
2026-07-03T01:24:00Z,4123.5,4123.67,4122.85,4123.6,58,25,0
2026-07-03T01:25:00Z,4123.6,4123.63,4122.98,4123.1,41,25,0
2026-07-03T01:26:00Z,4123.18,4123.68,4122.75,4122.75,80,25,0
2026-07-03T01:27:00Z,4122.75,4123.73,4122.47,4123.0,105,26,0
2026-07-03T01:28:00Z,4122.98,4124.27,4122.91,4123.83,75,26,0
2026-07-03T01:29:00Z,4123.85,4124.41,4123.5,4124.41,50,25,0
2026-07-03T01:30:00Z,4124.37,4125.12,4123.84,4123.95,113,26,0
2026-07-03T01:31:00Z,4123.95,4124.13,4123.75,4124.12,63,25,0
2026-07-03T01:32:00Z,4124.12,4124.45,4124.06,4124.33,60,24,0
2026-07-03T01:33:00Z,4124.33,4125.06,4124.29,4124.93,56,23,0
2026-07-03T01:34:00Z,4124.99,4126.1,4124.99,4126.1,66,23,0
2026-07-03T01:35:00Z,4126.1,4126.34,4124.82,4125.1,69,18,0
2026-07-03T01:36:00Z,4124.91,4125.08,4124.78,4125.05,40,24,0
2026-07-03T01:37:00Z,4125.06,4125.3,4124.63,4124.89,36,24,0
2026-07-03T01:38:00Z,4124.89,4124.98,4124.54,4124.67,41,24,0
2026-07-03T01:39:00Z,4124.67,4124.7,4124.38,4124.5,52,25,0
2026-07-03T01:40:00Z,4124.52,4124.77,4123.83,4123.83,54,25,0
2026-07-03T01:41:00Z,4123.83,4123.83,4122.81,4122.98,69,25,0
2026-07-03T01:42:00Z,4122.98,4123.12,4122.66,4122.97,67,25,0
2026-07-03T01:43:00Z,4122.97,4123.66,4122.91,4123.66,48,24,0
2026-07-03T01:44:00Z,4123.65,4123.71,4123.06,4123.1,44,25,0
2026-07-03T01:45:00Z,4123.09,4123.73,4123.09,4123.44,40,25,0
2026-07-03T01:46:00Z,4123.44,4123.45,4122.81,4123.15,48,25,0
2026-07-03T01:47:00Z,4123.17,4124.29,4122.99,4124.01,71,25,0
2026-07-03T01:48:00Z,4124.01,4124.08,4123.54,4123.54,50,25,0
2026-07-03T01:49:00Z,4123.53,4123.79,4123.51,4123.79,46,25,0
2026-07-03T01:50:00Z,4123.74,4123.98,4123.0,4123.09,99,25,0
2026-07-03T01:51:00Z,4123.06,4123.37,4123.0,4123.29,51,25,0
2026-07-03T01:52:00Z,4123.29,4123.75,4123.26,4123.29,44,25,0
2026-07-03T01:53:00Z,4123.37,4123.52,4123.16,4123.5,33,24,0
2026-07-03T01:54:00Z,4123.53,4124.0,4123.38,4123.65,68,25,0
2026-07-03T01:55:00Z,4123.67,4126.24,4123.64,4126.0,161,26,0
2026-07-03T01:56:00Z,4125.96,4126.31,4124.93,4124.97,100,26,0
2026-07-03T01:57:00Z,4124.96,4124.97,4124.59,4124.69,60,26,0
2026-07-03T01:58:00Z,4124.69,4124.7,4123.96,4123.97,52,24,0
2026-07-03T01:59:00Z,4124.0,4125.22,4124.0,4124.6,79,24,0
2026-07-03T02:00:00Z,4124.59,4125.4,4124.56,4125.33,83,26,0
2026-07-03T02:01:00Z,4125.39,4125.64,4125.11,4125.16,48,25,0
2026-07-03T02:02:00Z,4125.2,4125.53,4125.01,4125.39,45,25,0
2026-07-03T02:03:00Z,4125.39,4125.98,4125.39,4125.96,44,23,0
2026-07-03T02:04:00Z,4125.96,4126.68,4124.97,4125.15,145,24,0
2026-07-03T02:05:00Z,4125.14,4125.99,4124.39,4125.62,153,26,0
2026-07-03T02:06:00Z,4125.57,4126.08,4125.57,4125.83,69,26,0
2026-07-03T02:07:00Z,4125.83,4126.0,4125.78,4125.97,30,23,0
2026-07-03T02:08:00Z,4125.98,4126.84,4125.52,4126.7,50,23,0
2026-07-03T02:09:00Z,4126.74,4126.97,4126.52,4126.78,65,25,0
2026-07-03T02:10:00Z,4126.78,4127.17,4126.78,4126.84,41,23,0
2026-07-03T02:11:00Z,4126.77,4126.77,4125.95,4125.99,49,23,0
2026-07-03T02:12:00Z,4125.99,4126.46,4125.99,4126.46,55,23,0
2026-07-03T02:13:00Z,4126.54,4126.56,4125.93,4125.93,72,24,0
2026-07-03T02:14:00Z,4125.93,4125.93,4125.38,4125.38,71,24,0
2026-07-03T02:15:00Z,4125.43,4125.93,4125.31,4125.63,72,23,0
2026-07-03T02:16:00Z,4125.63,4126.76,4125.63,4126.67,114,26,0
2026-07-03T02:17:00Z,4126.66,4127.94,4126.34,4126.39,118,26,0
2026-07-03T02:18:00Z,4126.39,4126.39,4124.84,4125.06,99,26,0
2026-07-03T02:19:00Z,4125.05,4125.45,4124.29,4125.43,103,26,0
2026-07-03T02:20:00Z,4125.43,4126.23,4124.7,4125.8,128,26,0
2026-07-03T02:21:00Z,4125.83,4126.02,4125.58,4125.61,54,25,0
2026-07-03T02:22:00Z,4125.61,4127.03,4125.52,4127.03,85,23,0
2026-07-03T02:23:00Z,4127.07,4127.16,4126.01,4126.5,157,26,0
2026-07-03T02:24:00Z,4126.5,4127.4,4126.41,4127.27,83,25,0
2026-07-03T02:25:00Z,4127.27,4129.44,4127.24,4129.44,91,24,0
2026-07-03T02:26:00Z,4129.42,4130.28,4129.09,4130.16,100,25,0
2026-07-03T02:27:00Z,4130.12,4130.12,4129.69,4130.06,85,23,0
2026-07-03T02:28:00Z,4130.05,4130.2,4128.64,4128.7,142,23,0
2026-07-03T02:29:00Z,4128.7,4129.84,4128.67,4129.84,102,24,0
2026-07-03T02:30:00Z,4129.63,4130.15,4129.06,4129.98,153,24,0
2026-07-03T02:31:00Z,4129.98,4130.74,4129.98,4130.22,93,23,0
2026-07-03T02:32:00Z,4130.22,4130.45,4129.88,4130.14,96,24,0
2026-07-03T02:33:00Z,4130.14,4133.83,4128.08,4128.33,181,24,0
2026-07-03T02:34:00Z,4128.33,4128.66,4125.99,4126.7,209,26,0
2026-07-03T02:35:00Z,4126.7,4127.79,4126.33,4126.45,154,26,0
2026-07-03T02:36:00Z,4126.46,4126.86,4125.65,4126.27,167,26,0
2026-07-03T02:37:00Z,4126.25,4127.24,4125.66,4126.13,121,26,0
2026-07-03T02:38:00Z,4126.12,4126.37,4121.99,4123.03,264,26,0
2026-07-03T02:39:00Z,4123.02,4123.82,4122.06,4123.31,253,26,0
2026-07-03T02:40:00Z,4123.31,4124.93,4122.14,4124.53,306,26,0
2026-07-03T02:41:00Z,4124.55,4125.07,4122.88,4123.71,237,26,0
2026-07-03T02:42:00Z,4123.71,4123.71,4121.35,4121.97,208,26,0
2026-07-03T02:43:00Z,4121.97,4125.9,4121.17,4125.9,252,26,0
2026-07-03T02:44:00Z,4125.9,4126.5,4124.42,4124.83,188,26,0
2026-07-03T02:45:00Z,4124.82,4129.33,4124.74,4128.96,293,26,0
2026-07-03T02:46:00Z,4128.83,4129.72,4128.12,4128.12,207,26,0
2026-07-03T02:47:00Z,4128.12,4129.38,4127.88,4129.38,147,25,0
2026-07-03T02:48:00Z,4129.39,4130.63,4129.12,4129.47,171,25,0
2026-07-03T02:49:00Z,4129.53,4130.65,4128.78,4130.63,206,25,0
2026-07-03T02:50:00Z,4130.64,4130.81,4129.67,4130.02,245,25,0
2026-07-03T02:51:00Z,4130.02,4130.1,4127.29,4127.31,238,25,0
2026-07-03T02:52:00Z,4127.32,4128.03,4126.6,4126.6,170,25,0
2026-07-03T02:53:00Z,4126.6,4126.78,4124.4,4126.18,311,25,0
2026-07-03T02:54:00Z,4126.18,4128.61,4124.77,4128.4,367,26,0
2026-07-03T02:55:00Z,4128.43,4130.72,4128.16,4130.59,281,26,0
2026-07-03T02:56:00Z,4130.55,4131.59,4127.17,4127.45,381,26,0
2026-07-03T02:57:00Z,4127.45,4127.92,4125.96,4126.8,232,26,0
2026-07-03T02:58:00Z,4126.8,4127.23,4125.98,4126.21,294,26,0
2026-07-03T02:59:00Z,4126.21,4127.3,4124.72,4126.23,421,26,0
2026-07-03T03:00:00Z,4126.12,4128.3,4125.34,4126.59,629,26,0
2026-07-03T03:01:00Z,4126.6,4126.6,4123.07,4124.98,593,26,0
2026-07-03T03:02:00Z,4124.94,4128.79,4123.74,4127.55,543,26,0
2026-07-03T03:03:00Z,4127.61,4131.6,4127.43,4130.91,468,26,0
2026-07-03T03:04:00Z,4131.07,4132.76,4129.44,4131.78,368,26,0
2026-07-03T03:05:00Z,4132.0,4132.6,4128.71,4128.75,552,26,0
2026-07-03T03:06:00Z,4128.79,4129.44,4127.54,4128.52,489,26,0
2026-07-03T03:07:00Z,4128.52,4128.52,4125.33,4126.88,440,25,0
2026-07-03T03:08:00Z,4126.88,4127.49,4125.03,4127.02,456,26,0
2026-07-03T03:09:00Z,4127.09,4128.89,4126.49,4128.71,374,25,0
2026-07-03T03:10:00Z,4128.71,4129.13,4126.71,4127.38,419,25,0
2026-07-03T03:11:00Z,4127.37,4128.45,4126.7,4127.49,424,25,0
2026-07-03T03:12:00Z,4127.79,4128.19,4127.0,4127.07,410,24,0
2026-07-03T03:13:00Z,4127.08,4135.15,4127.07,4134.61,489,25,0
2026-07-03T03:14:00Z,4134.61,4136.84,4134.08,4135.02,461,26,0
2026-07-03T03:15:00Z,4135.02,4135.51,4132.72,4133.25,433,25,0
2026-07-03T03:16:00Z,4133.32,4133.98,4131.79,4133.02,433,25,0
2026-07-03T03:17:00Z,4133.01,4134.31,4132.5,4133.39,351,25,0
2026-07-03T03:18:00Z,4133.2,4135.33,4133.05,4133.64,417,25,0
2026-07-03T03:19:00Z,4133.62,4136.41,4133.47,4136.0,395,25,0
2026-07-03T03:20:00Z,4135.99,4136.68,4135.27,4136.66,285,24,0
2026-07-03T03:21:00Z,4136.66,4137.84,4136.66,4137.28,351,23,0
2026-07-03T03:22:00Z,4137.21,4138.44,4137.15,4137.74,423,25,0
2026-07-03T03:23:00Z,4137.73,4140.77,4137.7,4140.16,373,25,0
2026-07-03T03:24:00Z,4140.18,4140.79,4138.29,4138.65,293,25,0
2026-07-03T03:25:00Z,4138.67,4139.33,4137.41,4139.08,259,25,0
2026-07-03T03:26:00Z,4139.06,4140.83,4138.57,4139.51,350,26,0
2026-07-03T03:27:00Z,4139.5,4140.18,4137.27,4137.75,325,25,0
2026-07-03T03:28:00Z,4137.74,4138.75,4137.42,4138.2,247,25,0
2026-07-03T03:29:00Z,4138.12,4138.95,4136.92,4137.25,258,24,0
2026-07-03T03:30:00Z,4137.24,4138.2,4134.29,4134.96,335,25,0
2026-07-03T03:31:00Z,4134.92,4135.1,4133.87,4134.29,276,25,0
2026-07-03T03:32:00Z,4134.3,4134.3,4133.22,4133.8,297,24,0
2026-07-03T03:33:00Z,4133.79,4135.35,4133.34,4135.34,243,24,0
2026-07-03T03:34:00Z,4135.34,4135.92,4134.46,4134.63,268,25,0
2026-07-03T03:35:00Z,4134.61,4137.12,4133.58,4137.01,270,25,0
2026-07-03T03:36:00Z,4136.99,4138.42,4136.04,4138.42,315,26,0
2026-07-03T03:37:00Z,4138.45,4139.02,4137.64,4138.87,250,26,0
2026-07-03T03:38:00Z,4138.87,4139.62,4136.91,4137.35,260,25,0
2026-07-03T03:39:00Z,4137.32,4138.34,4137.1,4137.57,310,25,0
2026-07-03T03:40:00Z,4137.55,4138.3,4137.37,4138.3,259,24,0
2026-07-03T03:41:00Z,4138.31,4139.05,4137.3,4137.48,258,24,0
2026-07-03T03:42:00Z,4137.48,4137.81,4134.11,4134.97,303,24,0
2026-07-03T03:43:00Z,4134.98,4135.47,4134.24,4135.47,196,24,0
2026-07-03T03:44:00Z,4135.55,4136.85,4135.55,4136.38,244,24,0
2026-07-03T03:45:00Z,4136.32,4136.63,4135.52,4136.22,359,24,0
2026-07-03T03:46:00Z,4136.22,4138.69,4135.96,4138.48,237,25,0
2026-07-03T03:47:00Z,4138.61,4138.89,4137.91,4138.34,202,25,0
2026-07-03T03:48:00Z,4138.35,4139.85,4137.68,4138.58,214,25,0
2026-07-03T03:49:00Z,4138.64,4141.23,4138.59,4141.05,292,25,0
2026-07-03T03:50:00Z,4141.04,4141.17,4139.98,4141.11,216,25,0
2026-07-03T03:51:00Z,4141.15,4148.09,4140.67,4147.45,483,25,0
2026-07-03T03:52:00Z,4147.42,4148.58,4145.23,4146.0,439,26,0
2026-07-03T03:53:00Z,4145.99,4146.55,4144.95,4145.52,302,25,0
2026-07-03T03:54:00Z,4145.53,4147.5,4145.0,4147.48,386,25,0
2026-07-03T03:55:00Z,4147.45,4148.85,4147.03,4148.59,367,25,0
2026-07-03T03:56:00Z,4148.47,4150.68,4148.07,4150.23,326,25,0
2026-07-03T03:57:00Z,4150.23,4150.75,4148.6,4148.79,321,25,0
2026-07-03T03:58:00Z,4148.79,4150.23,4148.06,4149.42,320,25,0
2026-07-03T03:59:00Z,4149.45,4151.0,4147.26,4147.26,315,26,0
2026-07-03T04:00:00Z,4147.22,4152.6,4147.08,4149.47,651,26,0
2026-07-03T04:01:00Z,4149.43,4149.55,4146.67,4149.04,637,26,0
2026-07-03T04:02:00Z,4148.99,4153.08,4148.78,4152.84,628,26,0
2026-07-03T04:03:00Z,4152.85,4160.51,4152.44,4159.62,744,26,0
2026-07-03T04:04:00Z,4159.44,4161.65,4158.04,4161.12,700,26,0
2026-07-03T04:05:00Z,4161.1,4161.6,4159.32,4159.74,688,26,0
2026-07-03T04:06:00Z,4159.77,4163.39,4159.5,4160.82,556,26,0
2026-07-03T04:07:00Z,4160.82,4166.58,4159.38,4165.84,504,26,0
2026-07-03T04:08:00Z,4165.83,4171.13,4165.12,4170.31,720,26,0
2026-07-03T04:09:00Z,4170.3,4176.16,4169.3,4172.52,753,26,0
2026-07-03T04:10:00Z,4172.51,4172.51,4167.62,4168.76,646,26,0
2026-07-03T04:11:00Z,4168.73,4175.17,4168.36,4174.65,584,26,0
2026-07-03T04:12:00Z,4174.65,4179.18,4173.57,4179.02,577,26,0
2026-07-03T04:13:00Z,4178.99,4179.29,4174.91,4174.91,566,26,0
2026-07-03T04:14:00Z,4174.9,4176.56,4173.83,4176.15,539,25,0
2026-07-03T04:15:00Z,4176.22,4181.47,4174.46,4178.07,684,26,0
2026-07-03T04:16:00Z,4178.07,4178.33,4174.06,4174.98,505,26,0
2026-07-03T04:17:00Z,4175.01,4177.26,4174.92,4176.91,460,25,0
2026-07-03T04:18:00Z,4176.9,4179.1,4176.69,4177.75,444,25,0
2026-07-03T04:19:00Z,4177.82,4180.3,4177.15,4179.67,505,25,0
2026-07-03T04:20:00Z,4179.73,4186.93,4179.11,4185.75,645,26,0
2026-07-03T04:21:00Z,4185.72,4187.35,4185.38,4187.29,489,25,0
2026-07-03T04:22:00Z,4187.29,4187.29,4185.55,4186.26,446,24,0
2026-07-03T04:23:00Z,4186.24,4187.31,4183.41,4185.36,505,25,0
2026-07-03T04:24:00Z,4185.38,4194.26,4185.01,4192.05,660,26,0
2026-07-03T04:25:00Z,4191.93,4192.7,4186.0,4186.7,564,26,0
2026-07-03T04:26:00Z,4186.7,4189.98,4185.97,4188.21,570,26,0
2026-07-03T04:27:00Z,4188.2,4191.33,4186.6,4188.74,506,25,0
2026-07-03T04:28:00Z,4188.8,4192.91,4188.35,4192.51,483,26,0
2026-07-03T04:29:00Z,4192.54,4192.62,4186.91,4187.56,437,24,0
2026-07-03T04:30:00Z,4187.46,4188.22,4182.52,4187.82,577,25,0
2026-07-03T04:31:00Z,4187.83,4190.81,4184.7,4190.29,612,26,0
2026-07-03T04:32:00Z,4190.32,4192.94,4188.67,4191.53,584,26,0
2026-07-03T04:33:00Z,4191.57,4192.62,4190.01,4191.28,518,25,0
2026-07-03T04:34:00Z,4191.27,4193.31,4189.01,4192.93,611,25,0
2026-07-03T04:35:00Z,4192.92,4195.4,4192.1,4192.35,537,25,0
2026-07-03T04:36:00Z,4192.35,4192.42,4188.72,4189.59,552,23,0
2026-07-03T04:37:00Z,4189.64,4189.66,4185.41,4186.28,508,23,0
2026-07-03T04:38:00Z,4186.29,4186.96,4184.77,4185.6,398,23,0
2026-07-03T04:39:00Z,4185.6,4186.53,4184.45,4184.87,366,23,0
2026-07-03T04:40:00Z,4184.87,4185.05,4182.78,4182.78,376,23,0
2026-07-03T04:41:00Z,4182.78,4184.75,4181.52,4181.89,372,23,0
2026-07-03T04:42:00Z,4181.89,4184.07,4180.97,4182.46,398,23,0
2026-07-03T04:43:00Z,4182.49,4183.3,4179.57,4180.6,398,24,0
2026-07-03T04:44:00Z,4180.57,4181.1,4179.31,4179.79,283,24,0
2026-07-03T04:45:00Z,4179.76,4179.92,4176.38,4176.97,369,23,0
2026-07-03T04:46:00Z,4176.98,4179.18,4176.86,4178.08,331,24,0
2026-07-03T04:47:00Z,4177.98,4179.24,4176.76,4179.1,244,24,0
2026-07-03T04:48:00Z,4179.1,4181.46,4179.0,4181.46,319,24,0
2026-07-03T04:49:00Z,4181.47,4182.82,4179.67,4180.73,373,24,0
2026-07-03T04:50:00Z,4180.73,4181.68,4177.35,4177.44,415,26,0
2026-07-03T04:51:00Z,4177.43,4177.78,4175.64,4176.2,299,26,0
2026-07-03T04:52:00Z,4176.15,4177.02,4175.69,4177.01,273,25,0
2026-07-03T04:53:00Z,4177.01,4177.57,4175.31,4176.37,314,25,0
2026-07-03T04:54:00Z,4176.38,4179.74,4175.97,4179.74,311,25,0
2026-07-03T04:55:00Z,4179.74,4181.37,4179.16,4180.44,392,25,0
2026-07-03T04:56:00Z,4180.3,4182.46,4179.07,4181.67,438,26,0
2026-07-03T04:57:00Z,4181.67,4182.18,4180.19,4182.09,398,26,0
2026-07-03T04:58:00Z,4181.99,4184.05,4181.52,4182.07,315,25,0
2026-07-03T04:59:00Z,4182.06,4182.62,4181.29,4182.27,284,25,0
2026-07-03T05:00:00Z,4182.18,4184.35,4181.31,4182.72,498,25,0
2026-07-03T05:01:00Z,4182.74,4182.74,4178.64,4178.81,333,26,0
2026-07-03T05:02:00Z,4178.81,4178.96,4177.13,4178.62,302,24,0
2026-07-03T05:03:00Z,4178.64,4179.98,4178.64,4179.66,257,24,0
2026-07-03T05:04:00Z,4179.7,4180.28,4178.94,4179.35,240,23,0
2026-07-03T05:05:00Z,4179.35,4181.99,4178.83,4179.84,326,23,0
2026-07-03T05:06:00Z,4179.84,4180.56,4178.88,4179.62,273,25,0
2026-07-03T05:07:00Z,4179.63,4180.8,4179.06,4180.43,270,25,0
2026-07-03T05:08:00Z,4180.61,4181.12,4178.8,4178.85,279,26,0
2026-07-03T05:09:00Z,4178.85,4180.1,4178.57,4179.4,291,25,0
2026-07-03T05:10:00Z,4179.39,4182.07,4179.25,4179.77,322,25,0
2026-07-03T05:11:00Z,4179.78,4180.33,4178.93,4179.59,384,26,0
2026-07-03T05:12:00Z,4179.58,4180.43,4178.53,4179.65,391,26,0
2026-07-03T05:13:00Z,4179.69,4179.94,4178.58,4179.88,312,26,0
2026-07-03T05:14:00Z,4179.87,4180.84,4178.78,4179.47,420,26,0
2026-07-03T05:15:00Z,4179.48,4180.46,4179.1,4180.46,214,25,0
2026-07-03T05:16:00Z,4180.31,4180.54,4179.48,4180.03,185,24,0
2026-07-03T05:17:00Z,4180.03,4181.29,4179.7,4179.71,197,23,0
2026-07-03T05:18:00Z,4179.71,4179.87,4178.03,4178.28,352,23,0
2026-07-03T05:19:00Z,4178.17,4178.36,4176.56,4176.67,205,24,0
2026-07-03T05:20:00Z,4176.74,4179.0,4176.74,4178.16,234,23,0
2026-07-03T05:21:00Z,4178.14,4180.16,4177.73,4180.14,234,25,0
2026-07-03T05:22:00Z,4180.14,4180.54,4179.01,4179.38,189,25,0
2026-07-03T05:23:00Z,4179.39,4179.82,4179.33,4179.6,105,24,0
2026-07-03T05:24:00Z,4179.61,4179.61,4178.28,4178.54,160,23,0
2026-07-03T05:25:00Z,4178.54,4178.54,4177.28,4177.8,179,25,0
2026-07-03T05:26:00Z,4177.81,4179.11,4176.55,4178.48,196,25,0
2026-07-03T05:27:00Z,4178.46,4178.71,4177.44,4177.7,162,25,0
2026-07-03T05:28:00Z,4177.71,4178.39,4176.89,4177.76,154,24,0
2026-07-03T05:29:00Z,4177.74,4179.47,4177.71,4179.15,128,26,0
2026-07-03T05:30:00Z,4179.24,4180.13,4178.15,4178.68,385,26,0
2026-07-03T05:31:00Z,4178.69,4181.48,4178.6,4181.09,412,26,0
2026-07-03T05:32:00Z,4181.19,4182.69,4179.76,4180.26,417,26,0
2026-07-03T05:33:00Z,4180.27,4181.5,4180.27,4181.03,282,26,0
2026-07-03T05:34:00Z,4181.05,4181.68,4180.04,4180.74,228,25,0
2026-07-03T05:35:00Z,4180.86,4181.59,4179.39,4180.6,341,25,0
2026-07-03T05:36:00Z,4180.63,4182.61,4180.54,4181.62,334,25,0
2026-07-03T05:37:00Z,4181.63,4181.65,4179.47,4180.45,275,26,0
2026-07-03T05:38:00Z,4180.47,4185.43,4180.46,4184.83,355,26,0
2026-07-03T05:39:00Z,4184.88,4186.77,4184.87,4186.22,267,25,0
2026-07-03T05:40:00Z,4186.22,4186.4,4185.09,4186.33,269,25,0
2026-07-03T05:41:00Z,4186.31,4186.86,4185.93,4186.32,200,24,0
2026-07-03T05:42:00Z,4186.33,4186.37,4182.85,4183.2,363,24,0
2026-07-03T05:43:00Z,4183.2,4183.23,4181.35,4182.04,253,24,0
2026-07-03T05:44:00Z,4182.04,4184.01,4181.93,4183.29,282,25,0
2026-07-03T05:45:00Z,4183.3,4184.25,4182.85,4182.93,233,24,0
2026-07-03T05:46:00Z,4183.01,4183.51,4180.26,4181.22,294,23,0
2026-07-03T05:47:00Z,4181.24,4181.24,4179.84,4180.26,220,25,0
2026-07-03T05:48:00Z,4180.26,4180.85,4178.85,4180.8,321,25,0
2026-07-03T05:49:00Z,4180.81,4180.81,4179.82,4180.15,194,23,0
2026-07-03T05:50:00Z,4180.15,4180.38,4179.01,4179.85,210,23,0
2026-07-03T05:51:00Z,4179.85,4182.08,4179.56,4182.0,271,23,0
2026-07-03T05:52:00Z,4182.0,4183.66,4181.57,4183.03,323,25,0
2026-07-03T05:53:00Z,4183.06,4185.99,4183.05,4185.34,277,26,0
2026-07-03T05:54:00Z,4185.36,4185.36,4183.03,4183.63,280,24,0
2026-07-03T05:55:00Z,4183.64,4185.04,4182.66,4183.04,351,24,0
2026-07-03T05:56:00Z,4183.04,4186.17,4182.41,4185.51,284,26,0
2026-07-03T05:57:00Z,4185.51,4186.78,4184.55,4185.47,259,26,0
2026-07-03T05:58:00Z,4185.26,4185.52,4184.55,4185.15,189,23,0
2026-07-03T05:59:00Z,4185.15,4185.33,4183.55,4183.55,229,23,0
2026-07-03T06:00:00Z,4183.46,4184.59,4182.27,4183.6,352,23,0
2026-07-03T06:01:00Z,4183.57,4183.58,4180.62,4180.62,325,26,0
2026-07-03T06:02:00Z,4180.59,4181.06,4179.77,4180.67,261,23,0
2026-07-03T06:03:00Z,4180.67,4181.3,4179.86,4180.41,334,23,0
2026-07-03T06:04:00Z,4180.41,4182.16,4179.89,4181.91,229,23,0
2026-07-03T06:05:00Z,4181.92,4182.85,4180.62,4182.81,219,23,0
2026-07-03T06:06:00Z,4182.81,4183.36,4181.25,4181.25,248,23,0
2026-07-03T06:07:00Z,4181.24,4181.76,4180.72,4181.14,236,23,0
2026-07-03T06:08:00Z,4181.17,4181.4,4180.43,4180.98,243,23,0
2026-07-03T06:09:00Z,4181.02,4182.26,4180.58,4181.86,236,23,0
2026-07-03T06:10:00Z,4181.86,4182.49,4181.62,4182.0,208,23,0
2026-07-03T06:11:00Z,4182.02,4183.07,4181.62,4182.32,196,23,0
2026-07-03T06:12:00Z,4182.32,4182.47,4181.71,4182.24,163,23,0
2026-07-03T06:13:00Z,4182.25,4183.28,4181.83,4183.28,208,23,0
2026-07-03T06:14:00Z,4183.3,4183.88,4182.72,4182.72,232,24,0
2026-07-03T06:15:00Z,4182.85,4183.62,4181.58,4181.69,252,24,0
2026-07-03T06:16:00Z,4181.69,4182.34,4181.53,4181.94,160,24,0
2026-07-03T06:17:00Z,4181.95,4182.17,4181.62,4181.71,161,23,0
2026-07-03T06:18:00Z,4181.71,4182.66,4181.71,4182.26,152,23,0
2026-07-03T06:19:00Z,4182.26,4182.41,4181.62,4181.66,180,23,0
2026-07-03T06:20:00Z,4181.68,4182.43,4181.48,4181.6,204,24,0
2026-07-03T06:21:00Z,4181.6,4183.27,4180.17,4180.58,309,24,0
2026-07-03T06:22:00Z,4180.58,4181.44,4180.25,4181.4,156,26,0
2026-07-03T06:23:00Z,4181.42,4181.55,4179.7,4179.75,147,25,0
2026-07-03T06:24:00Z,4179.75,4180.32,4179.29,4180.13,202,25,0
2026-07-03T06:25:00Z,4180.13,4180.7,4179.75,4180.45,167,24,0
2026-07-03T06:26:00Z,4180.65,4181.09,4180.37,4180.8,148,25,0
2026-07-03T06:27:00Z,4180.8,4181.45,4180.56,4181.11,140,25,0
2026-07-03T06:28:00Z,4181.11,4182.35,4181.11,4182.1,160,24,0
2026-07-03T06:29:00Z,4182.05,4182.37,4181.35,4181.42,243,24,0
2026-07-03T06:30:00Z,4181.43,4181.69,4179.67,4180.07,298,24,0
2026-07-03T06:31:00Z,4180.05,4181.38,4179.98,4181.0,247,26,0
2026-07-03T06:32:00Z,4181.03,4181.1,4179.28,4180.82,181,26,0
2026-07-03T06:33:00Z,4180.89,4183.14,4180.81,4182.68,192,26,0
2026-07-03T06:34:00Z,4182.69,4183.07,4181.55,4181.75,129,25,0
2026-07-03T06:35:00Z,4181.82,4182.61,4180.72,4180.73,174,23,0
2026-07-03T06:36:00Z,4180.7,4182.16,4180.46,4181.61,188,26,0
2026-07-03T06:37:00Z,4181.61,4182.63,4180.95,4181.13,216,26,0
2026-07-03T06:38:00Z,4181.14,4181.61,4180.28,4180.55,217,24,0
2026-07-03T06:39:00Z,4180.53,4180.64,4179.23,4180.64,142,24,0
2026-07-03T06:40:00Z,4180.66,4181.55,4180.39,4181.5,182,23,0
2026-07-03T06:41:00Z,4181.52,4182.39,4180.04,4180.04,183,23,0
2026-07-03T06:42:00Z,4180.04,4180.99,4179.43,4180.97,166,25,0
2026-07-03T06:43:00Z,4180.96,4181.01,4177.44,4177.49,242,26,0
2026-07-03T06:44:00Z,4177.51,4177.87,4177.37,4177.42,173,23,0
2026-07-03T06:45:00Z,4177.42,4177.92,4177.33,4177.33,151,23,0
2026-07-03T06:46:00Z,4177.33,4178.03,4176.71,4176.74,140,23,0
2026-07-03T06:47:00Z,4176.78,4178.84,4176.7,4178.43,221,23,0
2026-07-03T06:48:00Z,4178.54,4179.37,4177.58,4177.58,179,26,0
2026-07-03T06:49:00Z,4177.59,4177.59,4176.37,4176.67,174,24,0
2026-07-03T06:50:00Z,4176.67,4177.02,4176.41,4176.97,122,23,0
2026-07-03T06:51:00Z,4176.97,4177.64,4176.97,4177.1,143,23,0
2026-07-03T06:52:00Z,4177.09,4177.55,4177.01,4177.36,101,23,0
2026-07-03T06:53:00Z,4177.37,4177.45,4176.4,4177.05,133,23,0
2026-07-03T06:54:00Z,4177.05,4177.11,4176.31,4176.78,91,23,0
2026-07-03T06:55:00Z,4176.78,4176.9,4176.29,4176.61,113,23,0
2026-07-03T06:56:00Z,4176.65,4176.88,4175.45,4175.66,141,24,0
2026-07-03T06:57:00Z,4175.69,4176.57,4175.66,4176.56,111,25,0
2026-07-03T06:58:00Z,4176.56,4176.66,4175.5,4175.52,147,24,0
2026-07-03T06:59:00Z,4175.53,4176.17,4175.26,4176.0,132,24,0
2026-07-03T07:00:00Z,4176.01,4176.56,4175.56,4175.63,152,25,0
2026-07-03T07:01:00Z,4175.66,4175.92,4175.38,4175.67,154,25,0
2026-07-03T07:02:00Z,4175.69,4175.73,4174.86,4175.08,225,25,0
2026-07-03T07:03:00Z,4175.07,4175.18,4173.68,4173.97,230,26,0
2026-07-03T07:04:00Z,4174.04,4174.68,4173.11,4174.47,186,26,0
2026-07-03T07:05:00Z,4174.51,4175.0,4174.33,4174.72,115,26,0
2026-07-03T07:06:00Z,4174.72,4175.91,4174.06,4175.88,150,25,0
2026-07-03T07:07:00Z,4175.89,4176.35,4175.71,4175.74,125,24,0
2026-07-03T07:08:00Z,4175.75,4177.05,4175.54,4176.59,121,23,0
2026-07-03T07:09:00Z,4176.64,4178.15,4176.43,4178.15,174,25,0
2026-07-03T07:10:00Z,4178.16,4178.16,4177.39,4177.91,159,25,0
2026-07-03T07:11:00Z,4177.67,4178.26,4177.48,4178.24,122,23,0
2026-07-03T07:12:00Z,4178.21,4178.4,4177.83,4178.1,145,23,0
2026-07-03T07:13:00Z,4178.1,4178.16,4177.56,4177.67,134,23,0
2026-07-03T07:14:00Z,4177.68,4178.93,4177.55,4177.7,160,23,0
2026-07-03T07:15:00Z,4177.7,4178.28,4176.63,4177.27,200,26,0
2026-07-03T07:16:00Z,4177.27,4177.92,4177.26,4177.73,111,24,0
2026-07-03T07:17:00Z,4177.74,4179.19,4177.73,4178.83,141,23,0
2026-07-03T07:18:00Z,4178.83,4179.02,4178.35,4178.85,106,23,0
2026-07-03T07:19:00Z,4178.85,4181.41,4178.78,4181.28,220,23,0
2026-07-03T07:20:00Z,4181.31,4181.33,4179.49,4180.78,238,26,0
2026-07-03T07:21:00Z,4180.78,4182.76,4180.6,4181.83,218,26,0
2026-07-03T07:22:00Z,4181.8,4181.8,4179.59,4179.59,205,26,0
2026-07-03T07:23:00Z,4179.59,4179.84,4178.69,4179.13,190,26,0
2026-07-03T07:24:00Z,4179.12,4179.36,4178.56,4178.62,89,23,0
2026-07-03T07:25:00Z,4178.63,4178.63,4178.11,4178.33,108,23,0
2026-07-03T07:26:00Z,4178.32,4179.5,4178.32,4179.01,163,23,0
2026-07-03T07:27:00Z,4179.0,4179.31,4178.53,4178.88,114,23,0
2026-07-03T07:28:00Z,4178.87,4178.91,4178.25,4178.62,118,23,0
2026-07-03T07:29:00Z,4178.62,4178.62,4178.18,4178.51,96,23,0
2026-07-03T07:30:00Z,4178.53,4178.71,4176.52,4176.81,138,23,0
2026-07-03T07:31:00Z,4176.82,4177.37,4176.66,4176.76,106,25,0
2026-07-03T07:32:00Z,4176.78,4176.91,4176.43,4176.58,123,23,0
2026-07-03T07:33:00Z,4176.57,4176.88,4175.7,4176.76,141,23,0
2026-07-03T07:34:00Z,4176.75,4177.82,4176.66,4177.3,139,26,0
2026-07-03T07:35:00Z,4177.29,4177.3,4176.42,4176.94,125,24,0
2026-07-03T07:36:00Z,4177.06,4177.7,4176.81,4177.03,139,24,0
2026-07-03T07:37:00Z,4177.02,4177.04,4175.73,4175.73,78,24,0
2026-07-03T07:38:00Z,4175.8,4176.1,4175.34,4176.09,98,23,0
2026-07-03T07:39:00Z,4176.07,4176.8,4176.07,4176.5,92,23,0
2026-07-03T07:40:00Z,4176.49,4176.79,4176.12,4176.13,89,23,0
2026-07-03T07:41:00Z,4176.13,4176.43,4175.8,4176.0,108,24,0
2026-07-03T07:42:00Z,4176.0,4177.01,4175.82,4176.86,96,23,0
2026-07-03T07:43:00Z,4176.89,4177.83,4176.63,4177.35,126,26,0
2026-07-03T07:44:00Z,4177.35,4177.99,4177.17,4177.21,93,25,0
2026-07-03T07:45:00Z,4177.22,4178.33,4177.2,4177.87,79,24,0
2026-07-03T07:46:00Z,4177.7,4177.91,4177.43,4177.91,72,25,0
2026-07-03T07:47:00Z,4177.91,4178.0,4176.26,4176.71,115,25,0
2026-07-03T07:48:00Z,4176.71,4176.97,4176.16,4176.23,102,25,0
2026-07-03T07:49:00Z,4176.23,4176.74,4176.22,4176.36,82,25,0
2026-07-03T07:50:00Z,4176.21,4176.45,4175.12,4175.42,150,25,0
2026-07-03T07:51:00Z,4175.43,4175.43,4174.6,4174.6,112,26,0
2026-07-03T07:52:00Z,4174.57,4175.83,4174.57,4175.75,124,26,0
2026-07-03T07:53:00Z,4175.76,4175.94,4175.56,4175.83,135,23,0
2026-07-03T07:54:00Z,4175.84,4175.99,4175.18,4175.27,144,23,0
2026-07-03T07:55:00Z,4175.27,4175.73,4174.64,4175.68,135,25,0
2026-07-03T07:56:00Z,4175.69,4177.95,4175.69,4177.56,140,26,0
2026-07-03T07:57:00Z,4177.56,4178.51,4177.18,4178.38,135,26,0
2026-07-03T07:58:00Z,4178.56,4178.78,4177.71,4178.74,114,26,0
2026-07-03T07:59:00Z,4178.75,4178.86,4178.37,4178.83,81,23,0
2026-07-03T08:00:00Z,4178.84,4179.98,4178.41,4179.54,208,23,0
2026-07-03T08:01:00Z,4179.53,4179.6,4177.8,4178.09,182,25,0
2026-07-03T08:02:00Z,4178.08,4178.47,4177.11,4177.59,181,25,0
2026-07-03T08:03:00Z,4177.59,4178.27,4177.03,4178.08,173,26,0
2026-07-03T08:04:00Z,4178.08,4180.95,4177.8,4180.67,220,26,0
2026-07-03T08:05:00Z,4180.71,4180.71,4179.81,4180.14,142,26,0
2026-07-03T08:06:00Z,4180.14,4180.61,4179.98,4180.45,135,26,0
2026-07-03T08:07:00Z,4180.46,4181.16,4180.09,4180.76,204,26,0
2026-07-03T08:08:00Z,4180.76,4181.11,4180.3,4180.3,218,25,0
2026-07-03T08:09:00Z,4180.31,4180.55,4178.6,4179.03,214,24,0
2026-07-03T08:10:00Z,4178.84,4178.94,4178.23,4178.52,187,25,0
2026-07-03T08:11:00Z,4178.51,4178.56,4177.78,4177.96,186,25,0
2026-07-03T08:12:00Z,4177.95,4178.23,4177.52,4178.18,200,25,0
2026-07-03T08:13:00Z,4178.2,4178.37,4177.53,4178.2,198,25,0
2026-07-03T08:14:00Z,4178.2,4178.72,4178.12,4178.33,191,23,0
2026-07-03T08:15:00Z,4178.34,4179.15,4178.16,4179.06,210,24,0
2026-07-03T08:16:00Z,4178.98,4179.01,4176.41,4176.77,277,26,0
2026-07-03T08:17:00Z,4176.76,4177.44,4176.28,4177.4,131,25,0
2026-07-03T08:18:00Z,4177.41,4179.0,4177.4,4178.37,127,24,0
2026-07-03T08:19:00Z,4178.36,4179.2,4178.36,4179.15,110,24,0
2026-07-03T08:20:00Z,4179.14,4179.16,4177.16,4177.32,185,23,0
2026-07-03T08:21:00Z,4177.22,4177.22,4175.8,4175.81,191,23,0
2026-07-03T08:22:00Z,4175.84,4175.85,4173.06,4173.89,231,23,0
2026-07-03T08:23:00Z,4173.89,4174.91,4173.45,4173.45,258,26,0
2026-07-03T08:24:00Z,4173.39,4174.46,4173.1,4174.41,185,26,0
2026-07-03T08:25:00Z,4174.4,4174.82,4174.06,4174.56,148,25,0
2026-07-03T08:26:00Z,4174.56,4175.71,4174.35,4175.13,183,25,0
2026-07-03T08:27:00Z,4175.13,4175.58,4174.79,4175.03,166,24,0
2026-07-03T08:28:00Z,4175.02,4177.12,4174.82,4177.1,133,23,0
2026-07-03T08:29:00Z,4177.09,4177.09,4176.02,4176.07,144,23,0
2026-07-03T08:30:00Z,4176.07,4181.86,4174.46,4180.1,632,23,0
2026-07-03T08:31:00Z,4180.08,4180.54,4179.27,4179.79,407,26,0
2026-07-03T08:32:00Z,4179.77,4180.11,4177.32,4179.1,368,26,0
2026-07-03T08:33:00Z,4179.09,4179.71,4178.5,4178.92,291,26,0
2026-07-03T08:34:00Z,4178.95,4179.66,4177.95,4178.72,363,26,0
2026-07-03T08:35:00Z,4178.72,4179.67,4177.72,4177.92,314,26,0
2026-07-03T08:36:00Z,4177.91,4178.31,4176.27,4177.14,267,26,0
2026-07-03T08:37:00Z,4177.14,4178.39,4176.74,4178.01,298,25,0
2026-07-03T08:38:00Z,4177.95,4177.96,4174.2,4174.22,264,26,0
2026-07-03T08:39:00Z,4174.22,4174.99,4173.91,4174.2,307,25,0
2026-07-03T08:40:00Z,4174.24,4175.62,4174.15,4174.15,260,25,0
2026-07-03T08:41:00Z,4174.08,4176.28,4173.17,4176.1,267,25,0
2026-07-03T08:42:00Z,4176.11,4176.15,4174.61,4175.22,256,26,0
2026-07-03T08:43:00Z,4175.27,4175.56,4174.03,4174.28,245,25,0
2026-07-03T08:44:00Z,4174.28,4175.29,4174.09,4175.04,208,25,0
2026-07-03T08:45:00Z,4175.03,4176.44,4175.03,4175.14,273,25,0
2026-07-03T08:46:00Z,4175.15,4175.42,4173.45,4173.54,232,26,0
2026-07-03T08:47:00Z,4173.43,4173.43,4172.6,4172.86,212,24,0
2026-07-03T08:48:00Z,4172.84,4172.94,4169.21,4169.76,365,24,0
2026-07-03T08:49:00Z,4169.77,4171.34,4169.35,4171.33,311,26,0
2026-07-03T08:50:00Z,4171.34,4171.71,4170.66,4171.03,259,25,0
2026-07-03T08:51:00Z,4171.07,4172.85,4170.63,4172.72,206,26,0
2026-07-03T08:52:00Z,4172.72,4173.22,4171.79,4173.11,187,25,0
2026-07-03T08:53:00Z,4173.07,4173.61,4171.81,4172.02,255,24,0
2026-07-03T08:54:00Z,4172.08,4172.3,4170.68,4171.35,233,25,0
2026-07-03T08:55:00Z,4171.2,4171.84,4170.55,4171.06,248,25,0
2026-07-03T08:56:00Z,4171.11,4171.98,4170.44,4171.92,185,23,0
2026-07-03T08:57:00Z,4171.92,4171.98,4170.88,4171.12,167,23,0
2026-07-03T08:58:00Z,4171.12,4171.92,4170.77,4171.16,200,23,0
2026-07-03T08:59:00Z,4171.14,4171.99,4171.05,4171.18,170,23,0
2026-07-03T09:00:00Z,4171.21,4171.79,4169.98,4170.48,375,19,0
2026-07-03T09:01:00Z,4170.47,4171.28,4168.63,4169.08,344,24,0
2026-07-03T09:02:00Z,4169.1,4169.82,4167.3,4167.86,428,24,0
2026-07-03T09:03:00Z,4167.89,4168.53,4166.05,4166.09,448,24,0
2026-07-03T09:04:00Z,4166.11,4166.98,4164.65,4164.83,413,24,0
2026-07-03T09:05:00Z,4164.81,4168.52,4164.5,4168.46,407,24,0
2026-07-03T09:06:00Z,4168.48,4170.4,4167.76,4167.76,335,24,0
2026-07-03T09:07:00Z,4167.78,4171.16,4167.73,4170.01,357,24,0
2026-07-03T09:08:00Z,4169.99,4170.42,4168.6,4170.08,279,24,0
2026-07-03T09:09:00Z,4170.12,4171.17,4169.59,4170.14,250,22,0
2026-07-03T09:10:00Z,4170.14,4170.31,4167.77,4168.15,321,23,0
2026-07-03T09:11:00Z,4168.15,4168.33,4166.66,4166.72,317,23,0
2026-07-03T09:12:00Z,4166.8,4167.21,4165.41,4166.34,274,24,0
2026-07-03T09:13:00Z,4166.35,4166.74,4163.05,4164.39,378,24,0
2026-07-03T09:14:00Z,4164.42,4164.61,4162.15,4162.39,380,24,0
2026-07-03T09:15:00Z,4162.41,4163.45,4161.32,4163.02,437,24,0
2026-07-03T09:16:00Z,4163.0,4163.42,4160.46,4162.56,323,24,0
2026-07-03T09:17:00Z,4162.55,4164.48,4161.91,4164.1,309,24,0
2026-07-03T09:18:00Z,4164.08,4165.81,4163.3,4165.44,311,23,0
2026-07-03T09:19:00Z,4165.46,4165.84,4165.17,4165.6,216,19,0
2026-07-03T09:20:00Z,4165.65,4166.49,4165.6,4166.07,178,19,0
2026-07-03T09:21:00Z,4166.09,4167.03,4165.71,4166.44,241,19,0
2026-07-03T09:22:00Z,4166.43,4166.53,4164.96,4165.95,265,20,0
2026-07-03T09:23:00Z,4165.95,4166.78,4162.99,4163.31,320,22,0
2026-07-03T09:24:00Z,4163.37,4165.15,4163.37,4163.99,302,24,0
2026-07-03T09:25:00Z,4163.99,4164.46,4163.22,4163.76,248,22,0
2026-07-03T09:26:00Z,4163.76,4164.7,4163.57,4164.48,284,22,0
2026-07-03T09:27:00Z,4164.48,4166.44,4164.39,4165.14,353,23,0
2026-07-03T09:28:00Z,4165.26,4165.69,4165.0,4165.2,282,24,0
2026-07-03T09:29:00Z,4165.22,4165.47,4163.75,4164.78,259,24,0
2026-07-03T09:30:00Z,4164.8,4166.66,4164.43,4166.58,329,24,0
2026-07-03T09:31:00Z,4166.57,4167.02,4165.72,4166.71,275,24,0
2026-07-03T09:32:00Z,4166.71,4168.29,4166.7,4166.88,266,24,0
2026-07-03T09:33:00Z,4166.83,4167.92,4166.66,4167.45,315,24,0
2026-07-03T09:34:00Z,4167.45,4171.21,4167.43,4169.52,516,24,0
2026-07-03T09:35:00Z,4169.62,4171.2,4168.43,4170.79,353,24,0
2026-07-03T09:36:00Z,4170.8,4173.64,4170.8,4172.69,315,24,0
2026-07-03T09:37:00Z,4172.69,4172.92,4171.99,4172.82,233,20,0
2026-07-03T09:38:00Z,4172.74,4172.75,4171.44,4172.42,304,23,0
2026-07-03T09:39:00Z,4172.33,4172.33,4169.78,4170.23,277,22,0
2026-07-03T09:40:00Z,4170.21,4171.09,4169.75,4170.47,222,20,0
2026-07-03T09:41:00Z,4170.48,4170.5,4168.68,4170.43,229,22,0
2026-07-03T09:42:00Z,4170.44,4172.34,4170.43,4171.56,274,22,0
2026-07-03T09:43:00Z,4171.55,4171.78,4170.19,4171.58,273,19,0
2026-07-03T09:44:00Z,4171.6,4171.93,4170.21,4171.1,244,19,0
2026-07-03T09:45:00Z,4171.1,4171.59,4170.29,4170.8,250,23,0
2026-07-03T09:46:00Z,4170.81,4172.92,4170.48,4172.89,368,22,0
2026-07-03T09:47:00Z,4172.89,4172.9,4171.74,4171.97,302,22,0
2026-07-03T09:48:00Z,4171.98,4172.95,4171.13,4172.9,243,24,0
2026-07-03T09:49:00Z,4172.9,4173.75,4172.8,4173.11,265,19,0
2026-07-03T09:50:00Z,4173.15,4173.83,4172.42,4173.59,314,19,0
2026-07-03T09:51:00Z,4173.59,4173.64,4171.54,4172.69,320,24,0
2026-07-03T09:52:00Z,4172.69,4173.67,4172.66,4173.46,257,23,0
2026-07-03T09:53:00Z,4173.46,4174.46,4173.43,4174.05,254,19,0
2026-07-03T09:54:00Z,4174.06,4174.28,4172.74,4173.13,270,21,0
2026-07-03T09:55:00Z,4173.12,4173.18,4172.22,4172.6,212,19,0
2026-07-03T09:56:00Z,4172.6,4173.06,4170.89,4171.05,259,21,0
2026-07-03T09:57:00Z,4171.05,4172.1,4171.05,4171.67,254,23,0
2026-07-03T09:58:00Z,4171.68,4174.36,4171.44,4174.2,382,24,0
2026-07-03T09:59:00Z,4174.19,4174.33,4172.63,4173.12,314,24,0
2026-07-03T10:00:00Z,4173.1,4173.33,4171.64,4171.64,398,24,0
2026-07-03T10:01:00Z,4171.62,4174.12,4171.31,4174.02,348,24,0
2026-07-03T10:02:00Z,4174.01,4174.01,4171.36,4171.6,299,24,0
2026-07-03T10:03:00Z,4171.64,4173.83,4171.64,4173.65,312,23,0
2026-07-03T10:04:00Z,4173.74,4174.99,4173.18,4174.94,283,22,0
2026-07-03T10:05:00Z,4174.93,4176.8,4174.64,4176.55,293,19,0
2026-07-03T10:06:00Z,4176.54,4178.21,4176.05,4177.65,338,24,0
2026-07-03T10:07:00Z,4177.67,4178.98,4177.07,4178.98,284,24,0
2026-07-03T10:08:00Z,4178.98,4179.18,4177.72,4178.75,246,24,0
2026-07-03T10:09:00Z,4178.73,4180.6,4178.21,4180.37,223,21,0
2026-07-03T10:10:00Z,4180.37,4181.13,4178.04,4178.64,314,20,0
2026-07-03T10:11:00Z,4178.66,4178.89,4177.72,4178.0,277,24,0
2026-07-03T10:12:00Z,4178.02,4178.03,4174.84,4174.99,294,24,0
2026-07-03T10:13:00Z,4175.02,4175.02,4172.37,4173.54,296,24,0
2026-07-03T10:14:00Z,4173.57,4174.73,4173.57,4174.14,223,22,0
2026-07-03T10:15:00Z,4174.12,4174.71,4173.19,4173.23,200,19,0
2026-07-03T10:16:00Z,4173.21,4173.23,4172.22,4172.47,243,19,0
2026-07-03T10:17:00Z,4172.47,4172.78,4170.99,4171.96,219,19,0
2026-07-03T10:18:00Z,4171.95,4172.78,4171.95,4172.45,195,19,0
2026-07-03T10:19:00Z,4172.44,4172.47,4171.69,4171.76,219,19,0
2026-07-03T10:20:00Z,4171.75,4172.75,4171.42,4171.81,186,19,0
2026-07-03T10:21:00Z,4171.82,4171.89,4170.8,4170.8,163,20,0
2026-07-03T10:22:00Z,4170.81,4170.81,4169.28,4170.36,196,23,0
2026-07-03T10:23:00Z,4170.36,4172.15,4170.36,4172.14,254,24,0
2026-07-03T10:24:00Z,4172.13,4173.69,4172.02,4173.23,302,24,0
2026-07-03T10:25:00Z,4173.23,4174.51,4172.76,4174.51,274,24,0
2026-07-03T10:26:00Z,4174.51,4174.59,4173.81,4174.3,257,22,0
2026-07-03T10:27:00Z,4174.3,4174.43,4172.73,4174.04,267,22,0
2026-07-03T10:28:00Z,4174.07,4176.1,4173.67,4174.72,223,24,0
2026-07-03T10:29:00Z,4174.74,4175.35,4174.5,4175.35,203,23,0
2026-07-03T10:30:00Z,4175.36,4177.1,4175.08,4176.22,205,22,0
2026-07-03T10:31:00Z,4176.21,4176.21,4173.83,4174.21,308,24,0
2026-07-03T10:32:00Z,4174.21,4175.86,4173.83,4175.64,321,24,0
2026-07-03T10:33:00Z,4175.63,4176.06,4175.08,4176.01,233,23,0
2026-07-03T10:34:00Z,4176.0,4178.38,4175.83,4176.4,258,23,0
2026-07-03T10:35:00Z,4176.41,4177.66,4176.36,4177.14,170,19,0
2026-07-03T10:36:00Z,4177.15,4177.91,4176.73,4177.35,198,19,0
2026-07-03T10:37:00Z,4177.38,4177.85,4177.09,4177.84,159,19,0
2026-07-03T10:38:00Z,4177.84,4177.85,4176.89,4177.85,175,19,0
2026-07-03T10:39:00Z,4177.85,4179.47,4177.71,4179.28,211,20,0
2026-07-03T10:40:00Z,4179.3,4179.31,4177.28,4177.86,262,24,0
2026-07-03T10:41:00Z,4177.86,4178.17,4176.92,4176.93,200,24,0
2026-07-03T10:42:00Z,4176.94,4177.97,4176.81,4177.36,178,21,0
2026-07-03T10:43:00Z,4177.37,4178.68,4177.35,4178.3,261,24,0
2026-07-03T10:44:00Z,4178.31,4179.73,4178.21,4179.5,210,24,0
2026-07-03T10:45:00Z,4179.52,4180.58,4178.84,4179.69,202,24,0
2026-07-03T10:46:00Z,4179.63,4179.92,4179.24,4179.81,171,21,0
2026-07-03T10:47:00Z,4179.84,4180.42,4179.44,4179.86,197,19,0
2026-07-03T10:48:00Z,4179.88,4181.08,4179.67,4180.45,192,23,0
2026-07-03T10:49:00Z,4180.45,4180.64,4180.13,4180.46,140,19,0
2026-07-03T10:50:00Z,4180.46,4181.63,4180.22,4180.88,243,19,0
2026-07-03T10:51:00Z,4180.95,4180.98,4178.36,4178.55,253,24,0
2026-07-03T10:52:00Z,4178.59,4178.91,4177.51,4177.59,259,24,0
2026-07-03T10:53:00Z,4177.6,4178.68,4177.04,4178.64,240,24,0
2026-07-03T10:54:00Z,4178.65,4178.7,4177.76,4177.91,203,22,0
2026-07-03T10:55:00Z,4177.91,4178.71,4176.51,4177.06,220,21,0
2026-07-03T10:56:00Z,4177.05,4177.69,4176.59,4176.93,206,23,0
2026-07-03T10:57:00Z,4176.95,4176.96,4175.63,4176.72,224,24,0
2026-07-03T10:58:00Z,4176.7,4176.73,4174.83,4174.87,185,24,0
2026-07-03T10:59:00Z,4174.96,4177.51,4174.87,4177.51,264,24,0
2026-07-03T11:00:00Z,4177.42,4181.78,4177.42,4180.66,355,24,0
2026-07-03T11:01:00Z,4180.63,4181.82,4180.46,4181.47,278,24,0
2026-07-03T11:02:00Z,4181.47,4184.67,4180.78,4184.47,322,24,0
2026-07-03T11:03:00Z,4184.47,4184.47,4182.53,4182.62,233,24,0
2026-07-03T11:04:00Z,4182.95,4183.36,4182.03,4183.1,243,24,0
2026-07-03T11:05:00Z,4183.11,4185.73,4183.11,4185.32,248,24,0
2026-07-03T11:06:00Z,4185.3,4185.81,4183.65,4183.8,242,24,0
2026-07-03T11:07:00Z,4183.81,4184.05,4182.32,4183.26,249,24,0
2026-07-03T11:08:00Z,4183.25,4183.42,4181.66,4181.67,230,23,0
2026-07-03T11:09:00Z,4181.76,4182.5,4181.75,4182.36,173,21,0
2026-07-03T11:10:00Z,4182.37,4182.74,4181.71,4181.83,194,22,0
2026-07-03T11:11:00Z,4181.84,4183.58,4181.29,4183.22,212,23,0
2026-07-03T11:12:00Z,4183.22,4185.04,4183.22,4184.53,182,24,0
2026-07-03T11:13:00Z,4184.53,4184.53,4183.26,4183.44,217,24,0
2026-07-03T11:14:00Z,4183.44,4183.97,4183.29,4183.96,130,23,0
2026-07-03T11:15:00Z,4183.97,4184.5,4183.49,4183.5,150,24,0
2026-07-03T11:16:00Z,4183.5,4184.33,4183.48,4183.87,162,24,0
2026-07-03T11:17:00Z,4183.89,4184.01,4182.63,4183.82,186,24,0
2026-07-03T11:18:00Z,4183.82,4184.8,4183.41,4184.49,179,24,0
2026-07-03T11:19:00Z,4184.49,4185.38,4184.04,4184.66,234,24,0
2026-07-03T11:20:00Z,4184.66,4185.36,4184.24,4185.29,216,24,0
2026-07-03T11:21:00Z,4185.25,4185.25,4184.04,4184.39,141,23,0
2026-07-03T11:22:00Z,4184.41,4184.65,4182.42,4182.43,227,23,0
2026-07-03T11:23:00Z,4182.42,4183.81,4182.29,4183.57,197,24,0
2026-07-03T11:24:00Z,4183.57,4183.94,4182.75,4183.22,200,24,0
2026-07-03T11:25:00Z,4183.21,4184.18,4181.94,4182.27,284,24,0
2026-07-03T11:26:00Z,4182.28,4182.97,4181.92,4182.45,185,24,0
2026-07-03T11:27:00Z,4182.46,4182.63,4181.61,4181.64,206,24,0
2026-07-03T11:28:00Z,4181.65,4182.84,4181.24,4181.8,246,23,0
2026-07-03T11:29:00Z,4182.01,4183.27,4181.93,4183.16,264,24,0
2026-07-03T11:30:00Z,4183.11,4184.71,4181.48,4181.65,294,24,0
2026-07-03T11:31:00Z,4181.64,4181.96,4180.9,4181.76,284,23,0
2026-07-03T11:32:00Z,4181.91,4184.07,4181.64,4183.88,167,21,0
2026-07-03T11:33:00Z,4183.86,4186.02,4182.9,4185.91,210,20,0
2026-07-03T11:34:00Z,4185.93,4186.54,4185.48,4185.52,244,24,0
2026-07-03T11:35:00Z,4185.51,4185.79,4184.46,4185.19,215,24,0
2026-07-03T11:36:00Z,4185.2,4186.36,4184.79,4185.88,160,22,0
2026-07-03T11:37:00Z,4185.87,4185.89,4184.6,4184.82,138,19,0
2026-07-03T11:38:00Z,4184.84,4184.95,4183.04,4183.5,173,19,0
2026-07-03T11:39:00Z,4183.5,4183.5,4182.07,4182.1,175,19,0
2026-07-03T11:40:00Z,4182.14,4182.68,4180.67,4182.68,210,19,0
2026-07-03T11:41:00Z,4182.69,4183.74,4181.63,4181.73,267,24,0
2026-07-03T11:42:00Z,4181.72,4182.49,4181.51,4181.66,203,19,0
2026-07-03T11:43:00Z,4181.66,4183.53,4181.66,4182.84,201,19,0
2026-07-03T11:44:00Z,4182.86,4184.35,4182.74,4184.07,193,23,0
2026-07-03T11:45:00Z,4184.09,4185.48,4184.09,4184.2,181,19,0
2026-07-03T11:46:00Z,4184.2,4184.68,4180.41,4180.55,352,24,0
2026-07-03T11:47:00Z,4180.55,4180.96,4179.18,4179.58,287,24,0
2026-07-03T11:48:00Z,4179.58,4179.9,4178.64,4179.8,218,24,0
2026-07-03T11:49:00Z,4179.81,4179.92,4177.24,4177.25,233,23,0
2026-07-03T11:50:00Z,4177.2,4178.12,4177.06,4177.85,200,21,0
2026-07-03T11:51:00Z,4177.86,4177.97,4176.84,4177.5,213,20,0
2026-07-03T11:52:00Z,4177.5,4178.46,4177.25,4178.12,219,22,0
2026-07-03T11:53:00Z,4178.14,4180.06,4178.04,4179.7,211,19,0
2026-07-03T11:54:00Z,4179.72,4179.95,4179.36,4179.41,143,19,0
2026-07-03T11:55:00Z,4179.42,4181.05,4179.42,4180.75,165,19,0
2026-07-03T11:56:00Z,4180.75,4180.78,4179.75,4180.03,146,22,0
2026-07-03T11:57:00Z,4180.1,4181.22,4180.1,4181.22,186,22,0
2026-07-03T11:58:00Z,4181.2,4182.41,4181.2,4181.38,198,24,0
2026-07-03T11:59:00Z,4181.4,4181.84,4180.71,4181.01,151,23,0
2026-07-03T12:00:00Z,4181.02,4181.17,4180.29,4180.63,241,24,0
2026-07-03T12:01:00Z,4180.64,4180.71,4179.44,4179.44,260,23,0
2026-07-03T12:02:00Z,4179.46,4180.4,4179.29,4180.1,184,23,0
2026-07-03T12:03:00Z,4180.16,4180.9,4179.84,4180.65,184,24,0
2026-07-03T12:04:00Z,4180.68,4181.3,4180.47,4180.59,168,23,0
2026-07-03T12:05:00Z,4180.59,4181.41,4180.59,4181.29,214,23,0
2026-07-03T12:06:00Z,4181.18,4181.36,4180.45,4180.93,154,23,0
2026-07-03T12:07:00Z,4180.77,4181.85,4179.83,4179.98,143,23,0
2026-07-03T12:08:00Z,4179.98,4180.5,4179.32,4179.66,207,24,0
2026-07-03T12:09:00Z,4179.67,4179.67,4177.33,4177.4,199,24,0
2026-07-03T12:10:00Z,4177.37,4177.5,4175.89,4176.49,249,24,0
2026-07-03T12:11:00Z,4176.49,4178.3,4176.49,4178.11,221,24,0
2026-07-03T12:12:00Z,4178.03,4179.3,4177.71,4179.06,203,24,0
2026-07-03T12:13:00Z,4179.06,4179.21,4178.44,4179.03,161,20,0
2026-07-03T12:14:00Z,4179.03,4180.41,4178.96,4180.41,170,19,0
2026-07-03T12:15:00Z,4180.4,4180.44,4178.9,4179.4,221,24,0
2026-07-03T12:16:00Z,4179.39,4179.4,4175.49,4175.81,222,24,0
2026-07-03T12:17:00Z,4175.82,4176.48,4175.66,4176.35,196,24,0
2026-07-03T12:18:00Z,4176.36,4176.83,4175.8,4176.39,164,20,0
2026-07-03T12:19:00Z,4176.39,4176.95,4175.97,4176.02,165,21,0
2026-07-03T12:20:00Z,4176.03,4177.13,4176.01,4176.92,158,19,0
2026-07-03T12:21:00Z,4176.93,4177.54,4176.3,4177.47,162,19,0
2026-07-03T12:22:00Z,4177.46,4177.51,4176.5,4176.67,126,19,0
2026-07-03T12:23:00Z,4176.68,4176.68,4173.53,4173.67,174,19,0
2026-07-03T12:24:00Z,4173.66,4174.46,4173.38,4173.46,187,24,0
2026-07-03T12:25:00Z,4173.36,4174.26,4172.98,4173.44,208,24,0
2026-07-03T12:26:00Z,4173.37,4174.03,4172.2,4172.33,243,24,0
2026-07-03T12:27:00Z,4172.35,4172.91,4171.23,4172.88,267,24,0
2026-07-03T12:28:00Z,4172.89,4173.92,4172.86,4173.39,176,24,0
2026-07-03T12:29:00Z,4173.19,4173.25,4171.7,4171.96,244,24,0
2026-07-03T12:30:00Z,4171.89,4172.17,4170.63,4170.65,367,24,0
2026-07-03T12:31:00Z,4170.61,4172.97,4170.47,4171.43,261,24,0
2026-07-03T12:32:00Z,4171.43,4172.99,4171.29,4172.32,207,24,0
2026-07-03T12:33:00Z,4172.33,4172.92,4169.08,4169.39,240,24,0
2026-07-03T12:34:00Z,4169.33,4170.37,4168.81,4169.69,188,24,0
2026-07-03T12:35:00Z,4169.96,4170.63,4169.33,4169.68,174,23,0
2026-07-03T12:36:00Z,4169.68,4171.08,4168.95,4169.55,203,24,0
2026-07-03T12:37:00Z,4169.58,4169.98,4168.87,4169.24,200,24,0
2026-07-03T12:38:00Z,4169.25,4170.99,4168.43,4170.94,210,24,0
2026-07-03T12:39:00Z,4170.93,4171.94,4169.86,4171.5,194,24,0
2026-07-03T12:40:00Z,4171.52,4172.01,4170.87,4170.9,183,22,0
2026-07-03T12:41:00Z,4170.9,4170.9,4170.25,4170.61,151,19,0
2026-07-03T12:42:00Z,4170.6,4171.52,4170.54,4170.55,141,19,0
2026-07-03T12:43:00Z,4170.56,4171.31,4170.17,4171.3,131,22,0
2026-07-03T12:44:00Z,4171.32,4172.46,4171.31,4172.14,256,22,0
2026-07-03T12:45:00Z,4172.14,4172.63,4171.86,4172.57,185,24,0
2026-07-03T12:46:00Z,4172.58,4173.05,4171.9,4172.34,242,23,0
2026-07-03T12:47:00Z,4172.34,4173.28,4171.84,4171.95,161,24,0
2026-07-03T12:48:00Z,4171.96,4173.62,4171.96,4173.5,118,24,0
2026-07-03T12:49:00Z,4173.49,4173.49,4172.32,4173.05,154,23,0
2026-07-03T12:50:00Z,4173.16,4173.38,4171.59,4171.79,146,22,0
2026-07-03T12:51:00Z,4171.8,4173.26,4171.66,4173.23,141,22,0
2026-07-03T12:52:00Z,4173.26,4174.17,4173.11,4173.31,199,24,0
2026-07-03T12:53:00Z,4173.32,4174.24,4173.25,4173.7,152,24,0
2026-07-03T12:54:00Z,4173.72,4174.85,4173.54,4174.78,130,23,0
2026-07-03T12:55:00Z,4174.79,4175.04,4174.22,4174.29,117,22,0
2026-07-03T12:56:00Z,4174.29,4174.99,4172.99,4173.04,163,22,0
2026-07-03T12:57:00Z,4173.06,4173.24,4172.63,4172.94,92,24,0
2026-07-03T12:58:00Z,4172.96,4173.44,4172.91,4173.18,133,22,0
2026-07-03T12:59:00Z,4173.19,4173.19,4171.97,4171.97,151,23,0
2026-07-03T13:00:00Z,4171.99,4173.09,4170.68,4173.07,210,24,0
2026-07-03T13:01:00Z,4173.09,4175.65,4173.08,4175.65,154,24,0
2026-07-03T13:02:00Z,4175.63,4175.89,4174.33,4174.34,173,24,0
2026-07-03T13:03:00Z,4174.38,4175.25,4174.27,4175.01,122,23,0
2026-07-03T13:04:00Z,4175.09,4175.98,4174.96,4175.82,137,22,0
2026-07-03T13:05:00Z,4175.84,4176.66,4175.84,4176.53,101,22,0
2026-07-03T13:06:00Z,4176.53,4176.98,4176.35,4176.39,136,23,0
2026-07-03T13:07:00Z,4176.54,4177.64,4176.23,4177.29,160,24,0
2026-07-03T13:08:00Z,4177.28,4179.03,4177.28,4179.03,216,24,0
2026-07-03T13:09:00Z,4179.18,4180.54,4178.33,4178.55,213,24,0
2026-07-03T13:10:00Z,4178.56,4178.93,4177.69,4178.81,135,24,0
2026-07-03T13:11:00Z,4178.86,4179.61,4178.48,4179.51,157,24,0
2026-07-03T13:12:00Z,4179.52,4180.11,4179.21,4180.03,146,22,0
2026-07-03T13:13:00Z,4180.03,4180.74,4179.89,4180.58,157,20,0
2026-07-03T13:14:00Z,4180.51,4180.72,4179.34,4179.8,159,19,0
2026-07-03T13:15:00Z,4179.73,4180.32,4179.43,4179.84,189,23,0
2026-07-03T13:16:00Z,4179.87,4180.23,4179.42,4179.46,166,21,0
2026-07-03T13:17:00Z,4179.47,4180.05,4178.95,4179.06,95,24,0
2026-07-03T13:18:00Z,4179.02,4179.84,4178.03,4179.43,156,24,0
2026-07-03T13:19:00Z,4179.44,4180.31,4179.44,4180.25,121,24,0
2026-07-03T13:20:00Z,4180.25,4180.36,4179.78,4180.32,112,19,0
2026-07-03T13:21:00Z,4180.31,4180.81,4180.07,4180.52,120,19,0
2026-07-03T13:22:00Z,4180.51,4181.1,4180.41,4180.83,127,19,0
2026-07-03T13:23:00Z,4180.83,4180.9,4179.85,4180.03,143,19,0
2026-07-03T13:24:00Z,4180.04,4180.48,4179.35,4180.13,201,20,0
2026-07-03T13:25:00Z,4180.21,4181.02,4179.93,4180.94,153,24,0
2026-07-03T13:26:00Z,4180.95,4181.01,4180.29,4180.54,116,22,0
2026-07-03T13:27:00Z,4180.57,4181.08,4180.41,4180.41,133,19,0
2026-07-03T13:28:00Z,4180.42,4180.77,4179.97,4180.27,164,22,0
2026-07-03T13:29:00Z,4180.26,4180.26,4178.19,4178.46,161,22,0
2026-07-03T13:30:00Z,4178.46,4178.94,4177.63,4177.9,128,24,0
2026-07-03T13:31:00Z,4177.88,4178.96,4177.69,4178.96,152,24,0
2026-07-03T13:32:00Z,4178.95,4179.02,4177.28,4177.79,180,23,0
2026-07-03T13:33:00Z,4177.78,4177.89,4177.14,4177.8,214,24,0
2026-07-03T13:34:00Z,4177.81,4178.0,4177.09,4177.12,154,21,0
2026-07-03T13:35:00Z,4177.13,4177.14,4176.11,4176.33,136,20,0
2026-07-03T13:36:00Z,4176.31,4176.59,4175.92,4176.29,117,19,0
2026-07-03T13:37:00Z,4176.29,4176.45,4175.54,4176.45,134,19,0
2026-07-03T13:38:00Z,4176.61,4177.22,4176.61,4176.88,85,19,0
2026-07-03T13:39:00Z,4176.88,4177.29,4176.81,4177.1,85,19,0
2026-07-03T13:40:00Z,4177.09,4177.52,4176.77,4176.78,105,19,0
2026-07-03T13:41:00Z,4176.78,4176.78,4176.0,4176.36,122,24,0
2026-07-03T13:42:00Z,4176.36,4177.12,4176.33,4176.68,114,24,0
2026-07-03T13:43:00Z,4176.69,4177.76,4176.5,4177.63,126,24,0
2026-07-03T13:44:00Z,4177.63,4177.9,4177.39,4177.68,118,24,0
2026-07-03T13:45:00Z,4177.69,4178.41,4177.23,4177.51,106,24,0
2026-07-03T13:46:00Z,4177.5,4177.9,4177.04,4177.04,94,24,0
2026-07-03T13:47:00Z,4177.04,4177.06,4176.33,4176.38,113,24,0
2026-07-03T13:48:00Z,4176.37,4176.51,4174.73,4175.02,190,24,0
2026-07-03T13:49:00Z,4175.0,4175.84,4174.71,4175.76,133,24,0
2026-07-03T13:50:00Z,4175.76,4176.25,4175.71,4176.14,70,21,0
2026-07-03T13:51:00Z,4176.12,4178.27,4176.12,4178.25,111,19,0
2026-07-03T13:52:00Z,4178.3,4178.69,4177.27,4177.61,157,24,0
2026-07-03T13:53:00Z,4177.62,4178.14,4175.96,4176.11,133,24,0
2026-07-03T13:54:00Z,4176.14,4176.74,4176.13,4176.5,77,23,0
2026-07-03T13:55:00Z,4176.51,4177.37,4176.51,4177.29,93,19,0
2026-07-03T13:56:00Z,4177.3,4177.39,4177.11,4177.24,59,19,0
2026-07-03T13:57:00Z,4177.23,4177.95,4177.23,4177.51,112,19,0
2026-07-03T13:58:00Z,4177.48,4177.54,4176.94,4177.28,103,19,0
2026-07-03T13:59:00Z,4177.26,4177.5,4176.89,4177.09,128,21,0
2026-07-03T14:00:00Z,4176.84,4176.98,4175.5,4176.24,315,24,0
2026-07-03T14:01:00Z,4176.23,4177.17,4176.11,4176.95,186,24,0
2026-07-03T14:02:00Z,4177.02,4177.34,4176.35,4176.77,147,24,0
2026-07-03T14:03:00Z,4176.79,4178.07,4176.79,4177.47,132,24,0
2026-07-03T14:04:00Z,4177.46,4179.05,4176.78,4178.92,198,24,0
2026-07-03T14:05:00Z,4178.91,4179.49,4178.84,4179.29,192,24,0
2026-07-03T14:06:00Z,4179.36,4179.49,4178.1,4178.69,180,24,0
2026-07-03T14:07:00Z,4178.67,4178.73,4177.56,4178.21,129,24,0
2026-07-03T14:08:00Z,4178.21,4178.33,4177.47,4178.24,154,24,0
2026-07-03T14:09:00Z,4178.25,4179.71,4177.92,4179.69,137,24,0
2026-07-03T14:10:00Z,4179.69,4179.69,4179.29,4179.49,64,24,0
2026-07-03T14:11:00Z,4179.49,4180.03,4179.49,4180.03,86,23,0
2026-07-03T14:12:00Z,4180.03,4181.05,4179.58,4181.04,100,23,0
2026-07-03T14:13:00Z,4181.06,4181.91,4181.06,4181.28,142,24,0
2026-07-03T14:14:00Z,4181.28,4183.77,4181.28,4183.37,164,24,0
2026-07-03T14:15:00Z,4183.36,4184.56,4183.31,4184.44,152,24,0
2026-07-03T14:16:00Z,4184.4,4184.84,4183.87,4184.77,99,24,0
2026-07-03T14:17:00Z,4184.67,4185.06,4183.88,4184.15,133,24,0
2026-07-03T14:18:00Z,4184.14,4184.96,4183.49,4183.62,200,24,0
2026-07-03T14:19:00Z,4183.59,4183.69,4183.21,4183.46,126,24,0
2026-07-03T14:20:00Z,4183.52,4184.19,4183.06,4183.97,127,24,0
2026-07-03T14:21:00Z,4183.92,4184.51,4182.88,4182.99,126,24,0
2026-07-03T14:22:00Z,4182.98,4184.78,4182.64,4184.77,195,24,0
2026-07-03T14:23:00Z,4184.81,4186.05,4184.71,4185.33,188,24,0
2026-07-03T14:24:00Z,4185.34,4185.83,4184.9,4184.9,106,24,0
2026-07-03T14:25:00Z,4184.9,4185.47,4184.43,4185.04,193,23,0
2026-07-03T14:26:00Z,4185.05,4185.07,4183.82,4183.82,142,22,0
2026-07-03T14:27:00Z,4183.84,4184.16,4183.41,4183.9,158,21,0
2026-07-03T14:28:00Z,4183.91,4184.45,4183.91,4183.93,134,21,0
2026-07-03T14:29:00Z,4183.93,4183.93,4183.07,4183.09,103,19,0
2026-07-03T14:30:00Z,4183.08,4183.79,4182.62,4183.71,146,21,0
2026-07-03T14:31:00Z,4183.69,4183.84,4183.34,4183.58,122,19,0
2026-07-03T14:32:00Z,4183.54,4184.73,4183.37,4184.55,176,21,0
2026-07-03T14:33:00Z,4184.54,4185.1,4184.03,4184.05,127,20,0
2026-07-03T14:34:00Z,4184.06,4184.21,4183.72,4184.01,106,19,0
2026-07-03T14:35:00Z,4184.0,4184.3,4183.45,4184.15,131,19,0
2026-07-03T14:36:00Z,4184.18,4185.67,4184.18,4184.7,190,19,0
2026-07-03T14:37:00Z,4184.71,4185.85,4184.56,4185.53,125,24,0
2026-07-03T14:38:00Z,4185.53,4185.79,4184.84,4184.86,92,24,0
2026-07-03T14:39:00Z,4184.87,4185.52,4184.73,4185.29,130,24,0
2026-07-03T14:40:00Z,4185.28,4185.69,4184.73,4185.26,125,24,0
2026-07-03T14:41:00Z,4185.24,4185.64,4184.88,4185.4,123,23,0
2026-07-03T14:42:00Z,4185.3,4185.83,4184.98,4185.42,108,24,0
2026-07-03T14:43:00Z,4185.42,4185.92,4184.81,4185.22,145,24,0
2026-07-03T14:44:00Z,4185.22,4185.53,4185.0,4185.36,118,24,0
2026-07-03T14:45:00Z,4185.35,4186.31,4185.1,4185.26,157,24,0
2026-07-03T14:46:00Z,4185.29,4185.3,4184.29,4185.06,139,23,0
2026-07-03T14:47:00Z,4185.07,4185.49,4184.78,4185.09,85,24,0
2026-07-03T14:48:00Z,4185.08,4185.3,4184.55,4185.02,98,22,0
2026-07-03T14:49:00Z,4185.02,4185.62,4184.04,4184.07,176,24,0
2026-07-03T14:50:00Z,4184.07,4184.55,4183.51,4184.05,204,24,0
2026-07-03T14:51:00Z,4184.07,4184.08,4183.35,4183.45,119,24,0
2026-07-03T14:52:00Z,4183.43,4183.43,4181.4,4182.89,229,24,0
2026-07-03T14:53:00Z,4182.94,4182.94,4182.02,4182.06,120,24,0
2026-07-03T14:54:00Z,4182.08,4182.15,4181.31,4181.4,136,24,0
2026-07-03T14:55:00Z,4181.38,4181.82,4180.82,4180.88,190,24,0
2026-07-03T14:56:00Z,4180.88,4181.18,4180.5,4180.72,137,24,0
2026-07-03T14:57:00Z,4180.74,4181.02,4178.62,4178.8,181,24,0
2026-07-03T14:58:00Z,4178.81,4179.26,4178.59,4179.14,162,24,0
2026-07-03T14:59:00Z,4179.16,4181.12,4179.01,4180.94,159,24,0
2026-07-03T15:00:00Z,4180.94,4181.35,4180.06,4180.44,259,24,0
2026-07-03T15:01:00Z,4180.41,4180.89,4180.4,4180.89,91,24,0
2026-07-03T15:02:00Z,4181.13,4181.17,4179.74,4179.99,187,24,0
2026-07-03T15:03:00Z,4179.98,4179.98,4178.49,4178.52,141,24,0
2026-07-03T15:04:00Z,4178.62,4178.85,4177.94,4178.36,193,24,0
2026-07-03T15:05:00Z,4178.4,4179.27,4178.39,4178.69,184,24,0
2026-07-03T15:06:00Z,4178.7,4180.6,4178.7,4180.39,193,24,0
2026-07-03T15:07:00Z,4180.4,4182.75,4180.4,4182.3,211,24,0
2026-07-03T15:08:00Z,4182.31,4183.18,4181.84,4182.74,231,24,0
2026-07-03T15:09:00Z,4182.76,4183.07,4180.98,4181.13,215,24,0
2026-07-03T15:10:00Z,4181.14,4181.22,4180.49,4180.82,169,23,0
2026-07-03T15:11:00Z,4180.8,4180.82,4179.4,4180.25,193,21,0
2026-07-03T15:12:00Z,4180.24,4180.85,4178.53,4178.94,219,24,0
2026-07-03T15:13:00Z,4178.94,4179.91,4178.78,4178.92,197,24,0
2026-07-03T15:14:00Z,4178.91,4179.07,4177.91,4178.0,169,24,0
2026-07-03T15:15:00Z,4177.98,4178.25,4175.76,4175.93,226,24,0
2026-07-03T15:16:00Z,4175.92,4176.63,4175.72,4176.55,183,24,0
2026-07-03T15:17:00Z,4176.54,4176.55,4175.4,4175.78,195,24,0
2026-07-03T15:18:00Z,4175.78,4175.94,4175.11,4175.87,126,21,0
2026-07-03T15:19:00Z,4175.87,4176.59,4175.47,4175.6,172,19,0
2026-07-03T15:20:00Z,4175.6,4175.6,4173.38,4173.76,312,19,0
2026-07-03T15:21:00Z,4173.77,4173.89,4173.16,4173.43,224,24,0
2026-07-03T15:22:00Z,4173.43,4175.19,4173.4,4175.0,132,24,0
2026-07-03T15:23:00Z,4174.99,4175.26,4174.39,4174.5,168,24,0
2026-07-03T15:24:00Z,4174.5,4174.5,4173.88,4174.41,109,22,0
2026-07-03T15:25:00Z,4174.42,4174.65,4173.65,4173.94,167,19,0
2026-07-03T15:26:00Z,4173.91,4174.49,4173.57,4173.86,240,19,0
2026-07-03T15:27:00Z,4173.79,4173.79,4172.21,4173.28,195,19,0
2026-07-03T15:28:00Z,4173.3,4173.96,4173.22,4173.96,144,20,0
2026-07-03T15:29:00Z,4174.02,4174.77,4173.94,4174.76,158,19,0
2026-07-03T15:30:00Z,4174.77,4174.77,4172.91,4173.5,248,19,0
2026-07-03T15:31:00Z,4173.53,4173.85,4173.29,4173.37,144,19,0
2026-07-03T15:32:00Z,4173.38,4175.01,4173.13,4174.26,203,19,0
2026-07-03T15:33:00Z,4174.25,4176.25,4174.25,4175.47,277,19,0
2026-07-03T15:34:00Z,4175.46,4177.2,4174.57,4177.2,204,22,0
2026-07-03T15:35:00Z,4177.21,4177.54,4176.46,4177.54,168,24,0
2026-07-03T15:36:00Z,4177.52,4177.54,4175.16,4175.32,230,23,0
2026-07-03T15:37:00Z,4175.32,4175.41,4173.05,4174.0,370,24,0
2026-07-03T15:38:00Z,4174.05,4174.21,4173.15,4173.16,181,24,0
2026-07-03T15:39:00Z,4173.16,4175.11,4173.11,4175.05,205,24,0
2026-07-03T15:40:00Z,4174.96,4175.68,4174.52,4174.61,185,24,0
2026-07-03T15:41:00Z,4174.63,4175.11,4174.1,4175.09,143,24,0
2026-07-03T15:42:00Z,4175.1,4175.28,4174.44,4174.51,115,22,0
2026-07-03T15:43:00Z,4174.35,4174.49,4173.51,4174.35,154,19,0
2026-07-03T15:44:00Z,4174.36,4175.06,4174.28,4174.95,95,19,0
2026-07-03T15:45:00Z,4174.8,4175.96,4174.39,4175.95,96,19,0
2026-07-03T15:46:00Z,4175.95,4175.96,4174.81,4175.59,151,19,0
2026-07-03T15:47:00Z,4175.56,4176.07,4175.22,4175.91,209,19,0
2026-07-03T15:48:00Z,4175.92,4176.79,4175.88,4176.43,111,19,0
2026-07-03T15:49:00Z,4176.43,4177.28,4175.53,4175.75,217,19,0
2026-07-03T15:50:00Z,4175.75,4177.5,4175.7,4177.5,158,24,0
2026-07-03T15:51:00Z,4177.5,4177.56,4176.65,4176.72,110,21,0
2026-07-03T15:52:00Z,4176.74,4176.75,4175.46,4175.81,98,19,0
2026-07-03T15:53:00Z,4175.81,4176.02,4174.86,4174.86,186,24,0
2026-07-03T15:54:00Z,4174.89,4175.05,4174.11,4175.05,157,22,0
2026-07-03T15:55:00Z,4175.04,4175.34,4174.65,4174.78,135,19,0
2026-07-03T15:56:00Z,4174.78,4174.83,4173.9,4174.12,69,19,0
2026-07-03T15:57:00Z,4174.12,4174.41,4173.4,4173.4,117,19,0
2026-07-03T15:58:00Z,4173.39,4173.39,4172.32,4172.61,136,19,0
2026-07-03T15:59:00Z,4172.58,4177.33,4172.58,4176.84,242,19,0
2026-07-03T16:00:00Z,4176.81,4179.28,4174.55,4174.79,635,24,0
2026-07-03T16:01:00Z,4174.8,4175.65,4172.65,4173.3,482,24,0
2026-07-03T16:02:00Z,4173.29,4174.55,4172.83,4174.39,364,24,0
2026-07-03T16:03:00Z,4174.39,4175.02,4172.44,4172.44,367,24,0
2026-07-03T16:04:00Z,4172.47,4174.11,4172.47,4173.84,303,24,0
2026-07-03T16:05:00Z,4173.85,4174.35,4170.26,4171.07,419,24,0
2026-07-03T16:06:00Z,4171.08,4171.96,4169.79,4171.92,354,24,0
2026-07-03T16:07:00Z,4171.93,4171.93,4170.05,4170.99,374,24,0
2026-07-03T16:08:00Z,4171.02,4171.87,4169.77,4169.91,332,24,0
2026-07-03T16:09:00Z,4169.99,4170.02,4166.4,4166.79,384,24,0
2026-07-03T16:10:00Z,4166.83,4168.92,4166.13,4168.58,430,24,0
2026-07-03T16:11:00Z,4168.59,4168.65,4166.73,4166.78,233,24,0
2026-07-03T16:12:00Z,4166.79,4167.58,4165.31,4166.46,350,24,0
2026-07-03T16:13:00Z,4166.42,4167.12,4164.52,4167.12,322,24,0
2026-07-03T16:14:00Z,4167.11,4168.12,4166.16,4166.62,296,24,0
2026-07-03T16:15:00Z,4166.6,4168.44,4166.56,4168.31,299,24,0
2026-07-03T16:16:00Z,4168.27,4170.75,4168.19,4170.34,284,24,0
2026-07-03T16:17:00Z,4170.34,4170.59,4167.01,4167.58,284,24,0
2026-07-03T16:18:00Z,4167.54,4168.85,4167.54,4167.78,318,24,0
2026-07-03T16:19:00Z,4167.78,4169.64,4167.61,4169.6,320,24,0
2026-07-03T16:20:00Z,4169.6,4171.13,4169.5,4170.78,301,24,0
2026-07-03T16:21:00Z,4170.74,4170.74,4170.11,4170.13,205,23,0
2026-07-03T16:22:00Z,4170.12,4170.3,4167.75,4167.82,262,23,0
2026-07-03T16:23:00Z,4167.83,4169.55,4167.83,4167.93,296,23,0
2026-07-03T16:24:00Z,4168.0,4169.72,4167.5,4169.72,276,23,0
2026-07-03T16:25:00Z,4169.7,4170.12,4169.31,4169.81,294,24,0
2026-07-03T16:26:00Z,4169.82,4171.67,4169.64,4171.02,250,23,0
2026-07-03T16:27:00Z,4171.02,4172.05,4170.64,4171.89,216,22,0
2026-07-03T16:28:00Z,4171.9,4171.95,4171.33,4171.43,157,22,0
2026-07-03T16:29:00Z,4171.43,4172.17,4171.27,4171.46,190,21,0
2026-07-03T16:30:00Z,4171.56,4171.67,4167.37,4167.46,336,22,0
2026-07-03T16:31:00Z,4167.47,4168.35,4166.71,4167.96,343,24,0
2026-07-03T16:32:00Z,4167.95,4168.66,4166.63,4167.71,300,24,0
2026-07-03T16:33:00Z,4167.69,4167.73,4166.05,4166.05,274,24,0
2026-07-03T16:34:00Z,4166.26,4167.21,4166.03,4167.14,218,24,0
2026-07-03T16:35:00Z,4167.14,4167.14,4165.79,4166.46,324,24,0
2026-07-03T16:36:00Z,4166.36,4166.86,4166.11,4166.15,265,24,0
2026-07-03T16:37:00Z,4166.1,4167.73,4165.06,4167.69,340,24,0
2026-07-03T16:38:00Z,4167.67,4168.59,4167.09,4167.31,254,24,0
2026-07-03T16:39:00Z,4167.31,4168.34,4166.56,4167.73,299,24,0
2026-07-03T16:40:00Z,4167.74,4168.2,4166.41,4166.78,308,24,0
2026-07-03T16:41:00Z,4166.77,4167.7,4166.48,4166.68,277,23,0
2026-07-03T16:42:00Z,4166.62,4167.71,4165.87,4167.52,273,23,0
2026-07-03T16:43:00Z,4167.52,4167.67,4166.25,4167.0,240,24,0
2026-07-03T16:44:00Z,4166.99,4168.06,4166.56,4166.92,242,22,0
2026-07-03T16:45:00Z,4166.94,4167.34,4165.45,4166.67,281,23,0
2026-07-03T16:46:00Z,4166.88,4167.37,4166.38,4167.18,256,22,0
2026-07-03T16:47:00Z,4167.16,4167.34,4164.44,4165.02,304,24,0
2026-07-03T16:48:00Z,4165.04,4165.75,4163.55,4164.13,323,24,0
2026-07-03T16:49:00Z,4164.17,4165.04,4164.16,4164.99,217,24,0
2026-07-03T16:50:00Z,4165.0,4165.62,4164.77,4165.57,228,23,0
2026-07-03T16:51:00Z,4165.56,4166.59,4165.38,4165.83,223,24,0
2026-07-03T16:52:00Z,4165.83,4166.22,4164.36,4165.92,267,23,0
2026-07-03T16:53:00Z,4165.92,4167.74,4165.91,4167.5,237,24,0
2026-07-03T16:54:00Z,4167.5,4167.5,4166.4,4166.54,269,24,0
2026-07-03T16:55:00Z,4166.53,4167.84,4166.34,4167.38,254,24,0
2026-07-03T16:56:00Z,4167.35,4168.29,4167.29,4167.93,199,23,0
2026-07-03T16:57:00Z,4167.91,4168.81,4166.38,4166.4,285,22,0
2026-07-03T16:58:00Z,4166.41,4166.66,4164.05,4164.97,307,23,0
2026-07-03T16:59:00Z,4164.96,4165.27,4163.66,4164.7,237,24,0
2026-07-03T17:00:00Z,4164.71,4165.95,4163.03,4164.83,348,24,0
2026-07-03T17:01:00Z,4164.84,4164.97,4163.7,4164.45,340,24,0
2026-07-03T17:02:00Z,4164.45,4165.02,4163.97,4164.55,242,24,0
2026-07-03T17:03:00Z,4164.52,4164.99,4163.34,4164.15,261,24,0
2026-07-03T17:04:00Z,4164.15,4167.1,4164.15,4166.55,270,24,0
2026-07-03T17:05:00Z,4166.55,4166.87,4164.13,4164.2,256,24,0
2026-07-03T17:06:00Z,4164.28,4164.28,4162.69,4163.13,283,24,0
2026-07-03T17:07:00Z,4163.13,4163.87,4161.29,4161.55,351,24,0
2026-07-03T17:08:00Z,4161.58,4162.24,4156.9,4157.06,408,24,0
2026-07-03T17:09:00Z,4157.05,4159.04,4155.41,4158.9,481,24,0
2026-07-03T17:10:00Z,4158.89,4163.61,4158.47,4162.99,310,24,0
2026-07-03T17:11:00Z,4162.97,4162.97,4161.35,4161.83,227,24,0
2026-07-03T17:12:00Z,4161.83,4162.31,4160.48,4162.05,224,24,0
2026-07-03T17:13:00Z,4162.05,4163.23,4162.04,4162.96,243,24,0
2026-07-03T17:14:00Z,4162.93,4163.37,4161.79,4162.17,197,23,0
2026-07-03T17:15:00Z,4162.17,4164.64,4162.14,4163.98,328,23,0
2026-07-03T17:16:00Z,4163.86,4164.36,4163.53,4163.75,185,20,0
2026-07-03T17:17:00Z,4163.75,4165.37,4163.73,4164.49,279,19,0
2026-07-03T17:18:00Z,4164.46,4164.51,4161.94,4162.66,263,19,0
2026-07-03T17:19:00Z,4162.56,4163.13,4161.97,4162.31,202,23,0
2026-07-03T17:20:00Z,4162.3,4163.0,4162.2,4162.9,197,21,0
2026-07-03T17:21:00Z,4162.91,4163.12,4161.27,4162.3,282,20,0
2026-07-03T17:22:00Z,4162.3,4164.08,4162.29,4163.36,263,21,0
2026-07-03T17:23:00Z,4163.34,4164.49,4163.03,4164.0,219,21,0
2026-07-03T17:24:00Z,4163.98,4163.98,4162.85,4163.34,214,19,0
2026-07-03T17:25:00Z,4163.31,4163.55,4162.1,4163.38,266,19,0
2026-07-03T17:26:00Z,4163.4,4165.04,4163.35,4164.89,238,20,0
2026-07-03T17:27:00Z,4164.9,4166.21,4164.65,4165.99,196,19,0
2026-07-03T17:28:00Z,4165.91,4166.4,4165.43,4166.32,248,19,0
2026-07-03T17:29:00Z,4166.31,4166.81,4165.87,4166.22,255,19,0
2026-07-03T17:30:00Z,4166.19,4167.12,4165.91,4166.05,252,19,0
2026-07-03T17:31:00Z,4166.05,4166.22,4164.98,4165.87,207,19,0
2026-07-03T17:32:00Z,4165.88,4166.22,4165.2,4165.28,178,19,0
2026-07-03T17:33:00Z,4165.29,4165.55,4163.66,4164.21,277,19,0
2026-07-03T17:34:00Z,4164.22,4164.98,4163.75,4164.85,185,24,0
2026-07-03T17:35:00Z,4164.88,4165.29,4163.9,4165.0,285,24,0
2026-07-03T17:36:00Z,4165.0,4166.1,4165.0,4165.96,185,23,0
2026-07-03T17:37:00Z,4165.97,4166.19,4164.81,4165.3,127,20,0
2026-07-03T17:38:00Z,4165.22,4165.89,4164.53,4165.61,192,22,0
2026-07-03T17:39:00Z,4165.59,4165.86,4165.17,4165.18,145,19,0
2026-07-03T17:40:00Z,4165.15,4165.96,4164.88,4165.58,171,19,0
2026-07-03T17:41:00Z,4165.58,4167.32,4165.51,4166.91,169,19,0
2026-07-03T17:42:00Z,4166.91,4166.96,4165.64,4165.67,176,19,0
2026-07-03T17:43:00Z,4165.64,4166.07,4164.94,4166.07,141,19,0
2026-07-03T17:44:00Z,4166.03,4166.03,4163.45,4163.9,195,19,0
2026-07-03T17:45:00Z,4163.92,4164.37,4163.65,4164.35,159,20,0
2026-07-03T17:46:00Z,4164.36,4165.08,4164.36,4164.64,137,20,0
2026-07-03T17:47:00Z,4164.64,4167.85,4164.39,4167.75,227,20,0
2026-07-03T17:48:00Z,4167.74,4167.97,4166.72,4166.99,201,24,0
2026-07-03T17:49:00Z,4166.98,4167.06,4166.05,4166.76,181,23,0
2026-07-03T17:50:00Z,4166.75,4168.64,4166.75,4168.53,182,23,0
2026-07-03T17:51:00Z,4168.47,4168.47,4167.69,4167.7,149,22,0
2026-07-03T17:52:00Z,4167.71,4167.75,4167.27,4167.57,115,21,0
2026-07-03T17:53:00Z,4167.44,4167.84,4166.68,4167.01,158,19,0
2026-07-03T17:54:00Z,4167.02,4168.59,4167.02,4168.57,183,21,0
2026-07-03T17:55:00Z,4168.58,4168.58,4167.86,4168.26,167,22,0
2026-07-03T17:56:00Z,4168.25,4168.33,4167.36,4167.57,134,21,0
2026-07-03T17:57:00Z,4167.57,4169.46,4167.33,4169.02,221,21,0
2026-07-03T17:58:00Z,4169.0,4169.7,4168.75,4169.58,167,24,0
2026-07-03T17:59:00Z,4169.56,4171.15,4169.55,4169.81,257,24,0
2026-07-03T18:00:00Z,4169.84,4170.44,4169.49,4170.04,269,24,0
2026-07-03T18:01:00Z,4170.04,4170.04,4168.64,4169.02,176,24,0
2026-07-03T18:02:00Z,4169.04,4170.46,4169.04,4170.22,245,24,0
2026-07-03T18:03:00Z,4170.23,4172.3,4170.13,4172.26,275,24,0
2026-07-03T18:04:00Z,4172.27,4173.01,4171.39,4171.64,232,24,0
2026-07-03T18:05:00Z,4171.64,4172.16,4171.38,4171.39,177,24,0
2026-07-03T18:06:00Z,4171.39,4171.92,4171.25,4171.67,183,24,0
2026-07-03T18:07:00Z,4171.66,4172.39,4171.5,4172.38,169,24,0
2026-07-03T18:08:00Z,4172.37,4172.43,4171.66,4172.14,142,23,0
2026-07-03T18:09:00Z,4172.13,4172.3,4171.19,4171.19,158,22,0
2026-07-03T18:10:00Z,4171.07,4174.14,4170.92,4174.06,230,22,0
2026-07-03T18:11:00Z,4174.09,4174.09,4173.33,4173.86,230,24,0
2026-07-03T18:12:00Z,4173.87,4173.97,4172.87,4173.39,195,24,0
2026-07-03T18:13:00Z,4173.39,4173.65,4171.96,4172.09,243,24,0
2026-07-03T18:14:00Z,4172.12,4172.84,4172.12,4172.22,141,24,0
2026-07-03T18:15:00Z,4172.18,4173.4,4171.86,4173.24,190,24,0
2026-07-03T18:16:00Z,4173.25,4174.37,4173.21,4173.47,190,24,0
2026-07-03T18:17:00Z,4173.49,4173.56,4172.78,4172.9,193,24,0
2026-07-03T18:18:00Z,4172.9,4172.91,4170.96,4170.96,227,24,0
2026-07-03T18:19:00Z,4170.98,4171.75,4170.87,4171.74,167,24,0
2026-07-03T18:20:00Z,4171.75,4171.79,4169.09,4170.03,324,23,0
2026-07-03T18:21:00Z,4170.02,4170.17,4169.89,4170.01,143,24,0
2026-07-03T18:22:00Z,4170.05,4170.35,4169.51,4169.61,153,23,0
2026-07-03T18:23:00Z,4169.6,4170.16,4169.39,4170.16,148,23,0
2026-07-03T18:24:00Z,4170.11,4170.13,4169.4,4169.72,116,21,0
2026-07-03T18:25:00Z,4169.73,4169.73,4168.32,4168.81,204,20,0
2026-07-03T18:26:00Z,4168.79,4169.63,4168.78,4169.46,153,23,0
2026-07-03T18:27:00Z,4169.43,4169.43,4168.08,4168.1,179,22,0
2026-07-03T18:28:00Z,4167.95,4168.15,4166.98,4167.46,229,23,0
2026-07-03T18:29:00Z,4167.53,4167.96,4166.98,4167.46,199,23,0
2026-07-03T18:30:00Z,4167.47,4168.49,4166.54,4168.47,260,24,0
2026-07-03T18:31:00Z,4168.42,4168.61,4166.0,4166.33,225,24,0
2026-07-03T18:32:00Z,4166.38,4167.73,4166.34,4167.64,176,24,0
2026-07-03T18:33:00Z,4167.64,4168.2,4167.39,4167.78,158,24,0
2026-07-03T18:34:00Z,4167.76,4168.08,4166.58,4166.92,174,24,0
2026-07-03T18:35:00Z,4166.91,4167.42,4166.56,4167.32,125,24,0
2026-07-03T18:36:00Z,4167.33,4168.45,4167.27,4168.36,117,24,0
2026-07-03T18:37:00Z,4168.37,4168.83,4167.41,4167.46,171,24,0
2026-07-03T18:38:00Z,4167.44,4167.56,4166.8,4167.46,101,24,0
2026-07-03T18:39:00Z,4167.38,4168.05,4167.23,4167.29,215,24,0
2026-07-03T18:40:00Z,4167.28,4167.89,4166.89,4167.79,163,24,0
2026-07-03T18:41:00Z,4167.8,4168.11,4167.42,4167.44,109,22,0
2026-07-03T18:42:00Z,4167.45,4167.61,4167.06,4167.36,142,21,0
2026-07-03T18:43:00Z,4167.38,4168.83,4167.36,4168.36,150,21,0
2026-07-03T18:44:00Z,4168.36,4168.36,4167.49,4167.72,142,24,0
2026-07-03T18:45:00Z,4167.72,4168.09,4167.04,4167.79,148,24,0
2026-07-03T18:46:00Z,4167.79,4167.92,4167.29,4167.89,124,23,0
2026-07-03T18:47:00Z,4167.9,4168.91,4167.76,4168.88,121,22,0
2026-07-03T18:48:00Z,4168.85,4168.96,4167.79,4168.55,157,22,0
2026-07-03T18:49:00Z,4168.57,4168.83,4168.25,4168.47,74,21,0
2026-07-03T18:50:00Z,4168.42,4168.52,4167.43,4167.63,149,19,0
2026-07-03T18:51:00Z,4167.63,4167.63,4166.3,4166.49,162,24,0
2026-07-03T18:52:00Z,4166.48,4166.48,4165.66,4165.67,198,24,0
2026-07-03T18:53:00Z,4165.67,4167.17,4165.67,4167.15,153,24,0
2026-07-03T18:54:00Z,4167.11,4167.27,4166.29,4166.9,130,22,0
2026-07-03T18:55:00Z,4166.89,4166.96,4164.95,4165.15,164,24,0
2026-07-03T18:56:00Z,4165.13,4165.54,4164.57,4165.53,155,24,0
2026-07-03T18:57:00Z,4165.55,4165.76,4164.88,4164.99,133,24,0
2026-07-03T18:58:00Z,4164.99,4164.99,4164.51,4164.86,115,19,0
2026-07-03T18:59:00Z,4164.86,4165.09,4164.68,4164.87,128,19,0
2026-07-03T19:00:00Z,4164.84,4165.42,4164.63,4165.04,244,22,0
2026-07-03T19:01:00Z,4165.04,4165.09,4164.45,4164.52,79,24,0
2026-07-03T19:02:00Z,4164.52,4164.89,4164.15,4164.72,63,24,0
2026-07-03T19:03:00Z,4164.67,4165.47,4164.42,4164.44,88,24,0
2026-07-03T19:04:00Z,4164.52,4164.91,4164.33,4164.86,39,23,0
2026-07-03T19:05:00Z,4164.86,4164.86,4163.94,4163.99,79,23,0
2026-07-03T19:06:00Z,4163.99,4164.19,4163.11,4163.65,54,24,0
2026-07-03T19:07:00Z,4163.65,4164.54,4163.65,4164.03,70,24,0
2026-07-03T19:08:00Z,4163.99,4164.1,4163.43,4164.0,60,24,0
2026-07-03T19:09:00Z,4164.0,4165.4,4163.97,4165.19,131,24,0
2026-07-03T19:10:00Z,4165.22,4165.73,4164.73,4164.86,119,24,0
2026-07-03T19:11:00Z,4164.89,4165.11,4164.2,4164.74,72,24,0
2026-07-03T19:12:00Z,4164.77,4165.37,4164.68,4164.68,74,24,0
2026-07-03T19:13:00Z,4164.68,4164.77,4164.12,4164.68,81,24,0
2026-07-03T19:14:00Z,4164.68,4164.73,4163.91,4164.15,69,24,0
2026-07-03T19:15:00Z,4164.13,4164.13,4163.57,4163.58,42,23,0
2026-07-03T19:16:00Z,4163.6,4164.37,4163.39,4164.29,67,24,0
2026-07-03T19:17:00Z,4164.25,4164.33,4163.7,4163.7,52,24,0
2026-07-03T19:18:00Z,4163.7,4163.99,4162.8,4163.95,117,23,0
2026-07-03T19:19:00Z,4163.93,4164.94,4163.89,4164.93,72,24,0
2026-07-03T19:20:00Z,4164.86,4165.56,4164.77,4165.43,76,24,0
2026-07-03T19:21:00Z,4165.43,4165.86,4164.4,4164.43,111,24,0
2026-07-03T19:22:00Z,4164.41,4165.77,4164.41,4165.2,81,24,0
2026-07-03T19:23:00Z,4165.2,4166.25,4165.2,4166.09,80,24,0
2026-07-03T19:24:00Z,4166.09,4167.47,4166.05,4167.37,106,22,0
2026-07-03T19:25:00Z,4167.37,4167.57,4166.49,4166.54,63,24,0
2026-07-03T19:26:00Z,4166.58,4166.7,4166.41,4166.51,41,24,0
2026-07-03T19:27:00Z,4166.51,4166.73,4166.09,4166.09,60,19,0
2026-07-03T19:28:00Z,4166.06,4166.65,4166.06,4166.62,50,19,0
2026-07-03T19:29:00Z,4166.65,4166.69,4166.29,4166.69,48,19,0
2026-07-03T19:30:00Z,4166.69,4168.47,4166.69,4167.29,107,19,0
2026-07-03T19:31:00Z,4167.31,4168.46,4167.26,4168.03,80,24,0
2026-07-03T19:32:00Z,4167.98,4168.16,4167.58,4168.1,58,24,0
2026-07-03T19:33:00Z,4168.11,4168.61,4168.05,4168.59,53,19,0
2026-07-03T19:34:00Z,4168.59,4170.42,4168.59,4169.06,109,19,0
2026-07-03T19:35:00Z,4169.02,4169.8,4168.99,4169.58,60,23,0
2026-07-03T19:36:00Z,4169.58,4169.62,4168.84,4168.84,64,19,0
2026-07-03T19:37:00Z,4168.84,4169.39,4168.77,4168.91,66,19,0
2026-07-03T19:38:00Z,4168.92,4168.92,4167.9,4168.22,83,19,0
2026-07-03T19:39:00Z,4168.19,4169.07,4168.12,4169.07,80,20,0
2026-07-03T19:40:00Z,4169.1,4169.83,4168.56,4168.6,77,20,0
2026-07-03T19:41:00Z,4168.57,4169.59,4168.57,4169.49,59,24,0
2026-07-03T19:42:00Z,4169.49,4169.49,4168.34,4168.34,71,19,0
2026-07-03T19:43:00Z,4168.32,4168.43,4168.1,4168.16,63,19,0
2026-07-03T19:44:00Z,4168.16,4170.39,4168.16,4170.1,107,19,0
2026-07-03T19:45:00Z,4170.16,4171.99,4170.16,4171.51,90,24,0
2026-07-03T19:46:00Z,4171.51,4171.51,4170.35,4170.94,92,24,0
2026-07-03T19:47:00Z,4170.94,4171.24,4170.11,4170.18,91,24,0
2026-07-03T19:48:00Z,4170.18,4170.31,4169.67,4170.2,69,19,0
2026-07-03T19:49:00Z,4170.2,4171.01,4170.18,4171.01,68,19,0
2026-07-03T19:50:00Z,4171.0,4171.88,4170.34,4171.6,93,22,0
2026-07-03T19:51:00Z,4171.45,4171.64,4171.06,4171.64,60,19,0
2026-07-03T19:52:00Z,4171.62,4173.93,4171.6,4173.78,101,19,0
2026-07-03T19:53:00Z,4173.78,4175.7,4173.58,4175.39,116,24,0
2026-07-03T19:54:00Z,4175.4,4175.5,4174.83,4175.16,104,24,0
2026-07-03T19:55:00Z,4175.16,4175.68,4174.78,4175.68,58,19,0
2026-07-03T19:56:00Z,4175.55,4176.39,4175.4,4176.39,89,21,0
2026-07-03T19:57:00Z,4176.29,4176.29,4173.71,4173.98,106,22,0
2026-07-03T19:58:00Z,4174.0,4175.56,4173.77,4175.43,116,24,0
2026-07-03T19:59:00Z,4175.5,4175.67,4174.88,4174.89,111,22,0
2026-07-03T20:00:00Z,4174.89,4174.89,4174.89,4174.89,1,24,0
2026-07-06T01:00:00Z,4188.22,4188.22,4175.96,4178.28,60,25,0
2026-07-06T01:01:00Z,4178.55,4180.5,4177.12,4178.06,346,25,0
2026-07-06T01:02:00Z,4178.06,4179.1,4173.03,4174.87,228,25,0
2026-07-06T01:03:00Z,4175.07,4178.15,4173.89,4177.59,276,25,0
2026-07-06T01:04:00Z,4177.59,4181.27,4177.56,4180.39,360,25,0
2026-07-06T01:05:00Z,4180.38,4182.34,4178.45,4181.75,332,25,0
2026-07-06T01:06:00Z,4180.08,4184.57,4179.83,4184.47,303,25,0
2026-07-06T01:07:00Z,4184.34,4186.0,4181.12,4183.72,358,25,0
2026-07-06T01:08:00Z,4183.7,4184.1,4180.89,4182.12,326,25,0
2026-07-06T01:09:00Z,4182.01,4182.54,4178.95,4179.95,275,25,0
2026-07-06T01:10:00Z,4179.85,4182.25,4179.32,4181.94,265,25,0
2026-07-06T01:11:00Z,4181.85,4182.85,4180.69,4180.72,180,25,0
2026-07-06T01:12:00Z,4180.71,4182.33,4180.34,4181.36,196,25,0
2026-07-06T01:13:00Z,4181.36,4182.44,4181.25,4182.06,101,25,0
2026-07-06T01:14:00Z,4182.03,4182.03,4180.53,4181.17,120,26,0
2026-07-06T01:15:00Z,4181.21,4182.02,4179.87,4180.09,124,26,0
2026-07-06T01:16:00Z,4180.09,4181.76,4179.01,4179.57,208,26,0
2026-07-06T01:17:00Z,4179.59,4181.68,4179.59,4180.69,137,26,0
2026-07-06T01:18:00Z,4180.7,4181.29,4178.59,4179.17,140,26,0
2026-07-06T01:19:00Z,4178.94,4178.96,4177.38,4177.79,131,26,0
2026-07-06T01:20:00Z,4177.67,4179.34,4177.63,4179.34,152,26,0
2026-07-06T01:21:00Z,4179.32,4180.21,4179.16,4180.02,113,26,0
2026-07-06T01:22:00Z,4179.98,4181.63,4179.97,4181.63,128,26,0
2026-07-06T01:23:00Z,4181.74,4182.66,4181.46,4181.87,187,26,0
2026-07-06T01:24:00Z,4181.99,4182.56,4181.77,4182.22,124,26,0
2026-07-06T01:25:00Z,4182.23,4183.13,4181.57,4182.94,179,26,0
2026-07-06T01:26:00Z,4182.95,4183.19,4182.35,4182.48,114,26,0
2026-07-06T01:27:00Z,4182.46,4183.54,4180.59,4182.95,188,26,0
2026-07-06T01:28:00Z,4182.95,4184.87,4182.64,4184.83,198,26,0
2026-07-06T01:29:00Z,4184.86,4185.85,4184.69,4184.82,198,26,0
2026-07-06T01:30:00Z,4184.56,4185.4,4182.82,4185.17,264,26,0
2026-07-06T01:31:00Z,4185.17,4186.06,4184.02,4185.64,235,26,0
2026-07-06T01:32:00Z,4185.61,4188.03,4185.3,4187.53,188,26,0
2026-07-06T01:33:00Z,4187.53,4187.54,4186.26,4186.89,200,26,0
2026-07-06T01:34:00Z,4186.88,4186.88,4185.36,4186.52,151,26,0
2026-07-06T01:35:00Z,4186.53,4186.76,4185.89,4186.26,93,26,0
2026-07-06T01:36:00Z,4186.26,4188.57,4186.26,4187.54,180,26,0
2026-07-06T01:37:00Z,4187.59,4190.82,4187.58,4189.32,287,26,0
2026-07-06T01:38:00Z,4189.31,4190.77,4188.96,4190.48,129,26,0
2026-07-06T01:39:00Z,4190.48,4191.47,4189.92,4190.59,152,26,0
2026-07-06T01:40:00Z,4190.56,4190.84,4189.54,4190.01,91,26,0
2026-07-06T01:41:00Z,4190.01,4190.24,4188.54,4188.81,107,26,0
2026-07-06T01:42:00Z,4188.72,4189.96,4188.1,4188.15,172,26,0
2026-07-06T01:43:00Z,4188.09,4188.09,4186.61,4186.61,132,26,0
2026-07-06T01:44:00Z,4186.74,4188.7,4186.74,4188.7,122,26,0
2026-07-06T01:45:00Z,4188.64,4189.54,4187.53,4188.44,156,26,0
2026-07-06T01:46:00Z,4188.49,4189.93,4188.42,4188.9,127,26,0
2026-07-06T01:47:00Z,4188.91,4189.74,4187.67,4189.7,152,26,0
2026-07-06T01:48:00Z,4189.6,4189.93,4187.45,4187.49,139,26,0
2026-07-06T01:49:00Z,4187.6,4187.87,4184.19,4184.41,133,26,0
2026-07-06T01:50:00Z,4184.44,4185.26,4183.32,4184.06,199,26,0
2026-07-06T01:51:00Z,4184.07,4186.17,4184.0,4184.85,264,26,0
2026-07-06T01:52:00Z,4184.95,4187.35,4184.81,4186.63,187,26,0
2026-07-06T01:53:00Z,4186.59,4186.59,4184.42,4184.43,159,26,0
2026-07-06T01:54:00Z,4184.43,4186.87,4184.09,4185.85,184,26,0
2026-07-06T01:55:00Z,4185.83,4186.82,4184.91,4186.71,200,26,0
2026-07-06T01:56:00Z,4186.76,4186.89,4185.73,4186.56,132,26,0
2026-07-06T01:57:00Z,4186.49,4189.64,4185.74,4188.77,163,26,0
2026-07-06T01:58:00Z,4188.77,4189.16,4188.48,4188.99,97,26,0
2026-07-06T01:59:00Z,4189.44,4189.88,4188.12,4188.31,164,26,0
2026-07-06T02:00:00Z,4188.33,4191.29,4188.23,4191.29,207,26,0
2026-07-06T02:01:00Z,4191.23,4191.25,4189.8,4190.94,136,26,0
2026-07-06T02:02:00Z,4190.94,4191.41,4189.2,4189.57,164,26,0
2026-07-06T02:03:00Z,4189.53,4189.56,4188.46,4189.05,119,26,0
2026-07-06T02:04:00Z,4189.06,4189.62,4188.77,4189.54,136,25,0
2026-07-06T02:05:00Z,4189.54,4190.31,4189.41,4190.3,99,25,0
2026-07-06T02:06:00Z,4190.32,4190.47,4189.58,4189.83,90,25,0
2026-07-06T02:07:00Z,4189.83,4190.93,4189.83,4190.21,95,25,0
2026-07-06T02:08:00Z,4190.24,4190.57,4188.73,4190.54,126,25,0
2026-07-06T02:09:00Z,4190.53,4190.99,4189.08,4189.56,124,26,0
2026-07-06T02:10:00Z,4189.56,4189.61,4188.27,4189.61,159,26,0
2026-07-06T02:11:00Z,4189.69,4190.39,4189.41,4189.52,137,25,0
2026-07-06T02:12:00Z,4189.45,4190.18,4189.32,4190.02,106,25,0
2026-07-06T02:13:00Z,4190.04,4190.11,4188.94,4188.96,109,25,0
2026-07-06T02:14:00Z,4188.92,4188.92,4186.83,4187.53,162,25,0
2026-07-06T02:15:00Z,4187.51,4189.07,4187.12,4187.12,189,26,0
2026-07-06T02:16:00Z,4187.13,4189.9,4186.7,4188.89,178,26,0
2026-07-06T02:17:00Z,4188.89,4188.96,4187.78,4188.07,132,26,0
2026-07-06T02:18:00Z,4188.08,4188.26,4187.78,4187.9,84,25,0
2026-07-06T02:19:00Z,4187.9,4188.08,4187.19,4187.95,73,25,0
2026-07-06T02:20:00Z,4187.95,4189.62,4187.88,4189.55,110,24,0
2026-07-06T02:21:00Z,4189.54,4190.62,4189.37,4190.06,87,25,0
2026-07-06T02:22:00Z,4190.07,4190.09,4189.37,4189.69,46,25,0
2026-07-06T02:23:00Z,4189.69,4191.01,4189.62,4190.97,69,23,0
2026-07-06T02:24:00Z,4191.02,4191.16,4189.61,4189.64,111,25,0
2026-07-06T02:25:00Z,4189.64,4189.83,4189.34,4189.72,78,24,0
2026-07-06T02:26:00Z,4189.73,4190.79,4189.73,4190.79,75,24,0
2026-07-06T02:27:00Z,4190.81,4191.16,4190.6,4190.73,94,24,0
2026-07-06T02:28:00Z,4190.74,4201.73,4190.74,4201.0,474,25,0
2026-07-06T02:29:00Z,4200.97,4201.7,4200.0,4200.31,213,26,0
2026-07-06T02:30:00Z,4200.31,4200.31,4196.54,4197.77,250,26,0
2026-07-06T02:31:00Z,4197.78,4201.37,4196.95,4200.97,245,26,0
2026-07-06T02:32:00Z,4200.98,4201.28,4197.71,4198.23,214,26,0
2026-07-06T02:33:00Z,4198.23,4198.23,4194.79,4195.96,161,26,0
2026-07-06T02:34:00Z,4195.96,4197.19,4193.69,4194.94,153,26,0
2026-07-06T02:35:00Z,4194.97,4195.75,4194.81,4195.4,92,25,0
2026-07-06T02:36:00Z,4195.3,4195.48,4193.55,4194.46,126,25,0
2026-07-06T02:37:00Z,4194.44,4195.85,4194.44,4195.4,107,25,0
2026-07-06T02:38:00Z,4195.2,4197.31,4195.16,4197.29,86,25,0
2026-07-06T02:39:00Z,4197.18,4198.6,4197.0,4197.74,125,25,0
2026-07-06T02:40:00Z,4197.74,4198.8,4197.32,4198.71,116,25,0
2026-07-06T02:41:00Z,4198.71,4198.8,4197.77,4198.67,92,25,0
2026-07-06T02:42:00Z,4198.69,4198.71,4197.16,4198.24,149,25,0
2026-07-06T02:43:00Z,4198.21,4198.83,4198.21,4198.25,69,25,0
2026-07-06T02:44:00Z,4198.25,4198.52,4196.37,4196.39,231,25,0
2026-07-06T02:45:00Z,4196.39,4197.22,4193.68,4195.74,439,25,0
2026-07-06T02:46:00Z,4195.81,4196.85,4185.01,4185.52,517,26,0
2026-07-06T02:47:00Z,4185.54,4188.47,4177.41,4180.65,687,26,0
2026-07-06T02:48:00Z,4180.64,4182.55,4180.03,4181.44,482,26,0
2026-07-06T02:49:00Z,4181.32,4182.74,4180.98,4181.85,289,26,0
2026-07-06T02:50:00Z,4181.86,4183.86,4181.07,4183.03,292,26,0
2026-07-06T02:51:00Z,4183.03,4183.37,4180.94,4181.1,232,26,0
2026-07-06T02:52:00Z,4181.09,4182.16,4180.44,4181.52,262,25,0
2026-07-06T02:53:00Z,4181.52,4183.2,4181.16,4182.81,196,24,0
2026-07-06T02:54:00Z,4182.57,4183.63,4182.28,4182.74,200,24,0
2026-07-06T02:55:00Z,4182.78,4183.21,4181.85,4182.18,166,24,0
2026-07-06T02:56:00Z,4182.14,4185.42,4182.04,4185.07,267,24,0
2026-07-06T02:57:00Z,4185.08,4185.19,4184.44,4184.77,173,24,0
2026-07-06T02:58:00Z,4184.78,4185.16,4183.65,4184.18,276,24,0
2026-07-06T02:59:00Z,4184.19,4184.26,4182.94,4183.15,260,23,0
2026-07-06T03:00:00Z,4183.17,4185.33,4180.9,4181.44,754,24,0
2026-07-06T03:01:00Z,4181.4,4181.85,4170.36,4174.01,749,26,0
2026-07-06T03:02:00Z,4173.84,4176.57,4173.84,4175.81,441,26,0
2026-07-06T03:03:00Z,4175.81,4176.98,4174.18,4176.13,433,26,0
2026-07-06T03:04:00Z,4176.13,4177.17,4174.61,4175.39,315,26,0
2026-07-06T03:05:00Z,4175.42,4177.31,4175.28,4176.0,422,25,0
2026-07-06T03:06:00Z,4176.02,4177.0,4172.02,4172.97,544,25,0
2026-07-06T03:07:00Z,4172.97,4173.94,4171.32,4173.03,383,25,0
2026-07-06T03:08:00Z,4173.04,4176.02,4173.0,4175.39,276,24,0
2026-07-06T03:09:00Z,4175.38,4178.79,4175.27,4176.67,273,25,0
2026-07-06T03:10:00Z,4176.64,4176.64,4173.8,4175.42,286,25,0
2026-07-06T03:11:00Z,4175.48,4176.42,4174.29,4175.8,215,24,0
2026-07-06T03:12:00Z,4175.79,4176.64,4174.15,4176.47,251,24,0
2026-07-06T03:13:00Z,4176.47,4177.47,4175.0,4175.33,245,23,0
2026-07-06T03:14:00Z,4175.28,4175.37,4173.8,4174.94,288,23,0
2026-07-06T03:15:00Z,4174.87,4177.46,4174.73,4177.34,297,23,0
2026-07-06T03:16:00Z,4177.35,4180.5,4176.35,4179.64,386,23,0
2026-07-06T03:17:00Z,4179.65,4181.53,4179.65,4179.77,291,25,0
2026-07-06T03:18:00Z,4179.77,4179.91,4177.05,4177.39,231,24,0
2026-07-06T03:19:00Z,4177.4,4179.46,4177.16,4178.21,300,24,0
2026-07-06T03:20:00Z,4178.22,4178.85,4177.84,4178.16,221,23,0
2026-07-06T03:21:00Z,4178.19,4178.96,4176.28,4178.95,313,23,0
2026-07-06T03:22:00Z,4178.95,4179.12,4177.16,4177.22,297,24,0
2026-07-06T03:23:00Z,4177.21,4177.88,4176.85,4177.77,215,23,0
2026-07-06T03:24:00Z,4177.52,4178.45,4175.7,4177.11,311,23,0
2026-07-06T03:25:00Z,4177.16,4178.26,4173.53,4173.53,332,25,0
2026-07-06T03:26:00Z,4173.54,4173.98,4171.35,4171.38,459,26,0
2026-07-06T03:27:00Z,4171.38,4174.04,4171.15,4173.99,274,26,0
2026-07-06T03:28:00Z,4173.94,4175.94,4173.0,4175.63,360,26,0
2026-07-06T03:29:00Z,4175.63,4175.69,4173.79,4174.58,368,25,0
2026-07-06T03:30:00Z,4174.62,4177.31,4174.21,4175.81,485,25,0
2026-07-06T03:31:00Z,4175.84,4177.97,4174.53,4177.64,470,26,0
2026-07-06T03:32:00Z,4177.63,4180.98,4177.32,4180.07,394,25,0
2026-07-06T03:33:00Z,4180.06,4182.41,4180.05,4180.11,378,25,0
2026-07-06T03:34:00Z,4180.11,4181.97,4179.53,4181.16,352,24,0
2026-07-06T03:35:00Z,4181.16,4181.35,4179.82,4180.82,363,24,0
2026-07-06T03:36:00Z,4180.86,4180.96,4178.58,4180.12,318,23,0
2026-07-06T03:37:00Z,4180.13,4182.9,4179.63,4182.84,365,25,0
2026-07-06T03:38:00Z,4182.85,4183.78,4182.21,4182.73,310,23,0
2026-07-06T03:39:00Z,4182.73,4184.87,4182.57,4184.73,274,23,0
2026-07-06T03:40:00Z,4184.71,4184.91,4183.2,4184.07,344,23,0
2026-07-06T03:41:00Z,4184.06,4185.88,4183.52,4185.4,323,24,0
2026-07-06T03:42:00Z,4185.4,4185.99,4184.73,4185.26,254,24,0
2026-07-06T03:43:00Z,4185.29,4187.44,4185.22,4187.2,313,23,0
2026-07-06T03:44:00Z,4187.19,4187.33,4185.61,4185.94,222,24,0
2026-07-06T03:45:00Z,4185.94,4188.16,4185.94,4186.51,295,25,0
2026-07-06T03:46:00Z,4186.51,4188.94,4186.46,4188.32,221,24,0
2026-07-06T03:47:00Z,4188.21,4188.26,4185.97,4186.28,234,23,0
2026-07-06T03:48:00Z,4186.28,4186.34,4185.17,4185.21,242,23,0
2026-07-06T03:49:00Z,4185.04,4185.29,4183.15,4185.28,340,25,0
2026-07-06T03:50:00Z,4185.28,4185.62,4183.78,4184.52,261,25,0
2026-07-06T03:51:00Z,4184.51,4184.98,4182.94,4183.14,246,25,0
2026-07-06T03:52:00Z,4183.15,4183.58,4181.89,4183.2,309,26,0
2026-07-06T03:53:00Z,4183.21,4185.3,4182.76,4184.9,330,25,0
2026-07-06T03:54:00Z,4184.88,4184.91,4183.12,4183.56,278,25,0
2026-07-06T03:55:00Z,4183.4,4186.99,4183.35,4186.98,395,25,0
2026-07-06T03:56:00Z,4186.96,4188.22,4185.29,4185.52,307,26,0
2026-07-06T03:57:00Z,4185.62,4186.14,4184.76,4185.1,263,25,0
2026-07-06T03:58:00Z,4185.12,4185.14,4174.72,4175.48,525,25,0
2026-07-06T03:59:00Z,4175.47,4180.92,4175.47,4179.73,334,26,0
2026-07-06T04:00:00Z,4179.53,4180.85,4172.58,4177.28,642,26,0
