variant,tpR,trailPips,trailDistancePrice,signals,decisive,wins,losses,ambiguous,win_rate_decisive_pct,net_R,profit_factor,max_drawdown_R,max_losing_streak,gross_profit_usd,gross_loss_usd,net_profit_usd,avg_R_per_decisive,avg_usd_per_decisive
RR1_NO_TRAIL,1.0,0.0,0.0,1522,1500,929,571,22,61.93333333333333,358.00000000000017,1.6269702276707534,11.0,10,3562.6500000000033,2387.220000000004,1175.4299999999994,0.23866666666666678,0.7836199999999995
RR2_NO_TRAIL,2.0,0.0,0.0,1522,1508,651,857,14,43.16976127320955,445.0,1.5192532088681447,16.0,12,4971.460000000005,3472.2000000000057,1499.2599999999989,0.29509283819628646,0.9942042440318295
RR1_TRAIL5,1.0,5.0,0.5,1522,1287,1210,73,235,94.01709401709402,293.7393446324086,5.023826638800117,2.237133658699605,2,1569.1599999999999,210.50000000000182,1358.659999999998,0.22823569901508048,1.0556798756798742
RR1_TRAIL10,1.0,10.0,1.0,1522,1259,1097,151,263,87.13264495631454,133.35717785872913,1.8831601182697293,6.182514443948364,2,1240.0900000000001,447.8400000000065,792.2499999999936,0.10592309599581345,0.6292692613185017
RR1_TRAIL15,1.0,15.0,1.5,1522,1234,988,241,288,80.06482982171799,30.95199863445882,1.1284315296035636,14.228627235016326,5,1110.370000000009,756.9400000000073,353.43000000000166,0.025082656916093047,0.28641004862236763
RR1_TRAIL20,1.0,20.0,2.0,1522,1199,876,320,323,73.06088407005838,-0.1884560557464755,0.9994110748257923,24.233258053314586,6,1137.3399999999988,1077.4900000000025,59.84999999999628,-0.00015717769453417474,0.04991659716430048
RR1_TRAIL30,1.0,30.0,3.0,1522,1293,850,440,229,65.73859242072699,109.27941694653266,1.2483623112421198,13.488547434760946,10,1720.5799999999854,1610.1199999999994,110.45999999998594,0.08451617706615056,0.08542923433873623
RR2_TRAIL5,2.0,5.0,0.5,1522,1454,1376,74,68,94.63548830811554,475.46131681026714,7.425152929868474,2.237133658699605,2,2065.4199999999964,210.82000000000244,1854.599999999994,0.3270022811624946,1.2755158184319078
RR2_TRAIL10,2.0,10.0,1.0,1522,1447,1280,156,75,88.4588804422944,285.86931345692756,2.832495599082869,3.3093323525027643,2,1704.719999999997,450.68000000000757,1254.0399999999895,0.19755999547818076,0.866648237733234
RR2_TRAIL15,2.0,15.0,1.5,1522,1439,1182,252,83,82.14037526059764,147.55758181707634,1.5855459595915729,6.339488752091,5,1539.0400000000109,766.0300000000093,773.0100000000016,0.10254175247885777,0.5371855455177217
RR2_TRAIL20,2.0,20.0,2.0,1522,1427,1084,339,95,75.9635599159075,83.64626715521625,1.246744150900343,14.919036894021843,5,1550.9400000000041,1095.4300000000044,455.50999999999976,0.05861686556076822,0.31920812894183587
RR2_TRAIL30,2.0,30.0,3.0,1522,1422,922,496,100,64.83825597749649,95.47924773483733,1.1924984833363657,16.76557184696359,9,1878.210000000001,1704.2499999999995,173.9600000000014,0.06714433736627098,0.12233473980309521
