variant,tpR,trailPips,trailDistancePrice,signals,decisive,wins,losses,ambiguous,win_rate_decisive_pct,net_R,profit_factor,max_drawdown_R,max_losing_streak,net_profit_usd,avg_R_per_decisive,train_net_R,train_profit_factor,train_decisive,validate_net_R,validate_profit_factor,validate_win_rate_decisive_pct,validate_decisive
RR1_NO_TRAIL,1.0,0.0,0.0,1522,1500,926,574,22,61.733333333333334,244.16702866317436,1.3964517350265626,14.860055547011953,10,846.8799999999993,0.1627780191087829,182.5697245973246,1.4688218590436497,978,61.597304065849755,1.2720026604016614,59.57854406130268,522
RR2_NO_TRAIL,2.0,0.0,0.0,1522,1508,651,857,14,43.16976127320955,323.6327915852863,1.349005595733739,19.738260755450348,12,1154.809999999999,0.21461060449952674,243.76621918678666,1.4117749089045284,982,79.86657239849968,1.2381867590270272,41.254752851711025,526
RR1_TRAIL3,1.0,3.0,0.30000000000000004,1522,1290,1110,180,232,86.04651162790698,291.25746925227764,7.128123223420337,2.130656776814668,3,1336.1699999997709,0.2257809839164943,197.91643946553492,8.289232698697585,832,93.34102978674271,5.580904069884287,82.96943231441048,458
RR1_TRAIL4,1.0,4.0,0.4,1522,1290,1066,224,232,82.63565891472868,242.45435355546522,4.540703509923233,2.182096643874388,4,1178.8700000003228,0.18794911128330638,170.27881358573558,5.650398318103061,832,72.17553996972963,3.265371223161067,78.82096069868996,458
RR1_TRAIL5,1.0,5.0,0.5,1522,1287,1023,264,235,79.48717948717949,197.5333210816231,3.1967949854705933,3.961479770661697,4,1036.909999999998,0.1534835439639651,143.7843336601344,4.048756313433556,830,53.7489874214887,2.257073542100856,75.92997811816193,457
RR1_TRAIL6,1.0,6.0,0.6000000000000001,1522,1282,988,294,240,77.06708268330733,152.70210070178712,2.3233249731109997,4.354403494722476,3,884.0599999996862,0.1191124030435157,116.37194589378905,2.886393118543744,825,36.330154807998085,1.676506985816313,73.52297592997812,457
RR1_TRAIL7,1.0,7.0,0.7000000000000001,1522,1277,973,304,245,76.19420516836335,117.8877641606866,1.8830940963441254,5.398362836746273,5,762.6300000002065,0.09231618180163399,94.90148843176704,2.308540310878752,822,22.986275728919562,1.3770139054342978,73.4065934065934,455
RR1_TRAIL8,1.0,8.0,0.8,1522,1270,940,330,252,74.01574803149606,84.06729765133639,1.5516752925726878,7.076302682196925,5,647.9399999997879,0.06619472256010739,72.45828924320186,1.8649597143557677,817,11.609008408134532,1.1691911290599668,72.62693156732892,453
RR1_TRAIL9,1.0,9.0,0.9,1522,1264,926,338,258,73.25949367088607,58.942662326911076,1.3533033327399542,9.647933460233872,4,561.4300000002847,0.04663185310673345,59.62460472566728,1.6548358745524367,811,-0.6819423987562072,0.9910010566581076,73.06843267108168,453
RR1_TRAIL10,1.0,10.0,1.0,1522,1259,896,363,263,71.16759332803812,39.35085985814018,1.2227770392120079,10.565023328238567,4,477.99999999999363,0.03125564722648148,45.734819412440096,1.4640477647352346,806,-6.3839595542999135,0.9182398838087545,69.75717439293598,453
RR2_TRAIL3,2.0,3.0,0.30000000000000004,1522,1455,1274,181,67,87.56013745704468,467.43571827860677,10.713605028977051,2.130656776814675,3,1819.949999999737,0.3212616620471524,322.6982990254832,12.630595182877666,949,144.7374192531236,8.103288172800433,84.58498023715416,506
RR2_TRAIL4,2.0,4.0,0.4,1522,1455,1228,227,67,84.39862542955326,409.1288895137025,6.820022552073647,2.902220540905745,4,1645.8700000003614,0.2811882402156031,288.3233605998136,8.508965800509019,949,120.80552891388895,4.78705769230801,80.43478260869566,506
RR2_TRAIL5,2.0,5.0,0.5,1522,1454,1187,267,68,81.63686382393398,357.45433623207276,4.881401384713411,3.39555523002997,4,1491.099999999994,0.2458420469271477,257.2015487484599,6.255136608242878,948,100.25278748361282,3.3232877048878975,77.86561264822134,506
RR2_TRAIL6,2.0,6.0,0.6000000000000001,1522,1454,1156,298,68,79.5048143053645,308.2713542562661,3.6132424236330483,3.461473181722255,3,1331.5099999996391,0.21201606207446086,228.25670996130086,4.596211423504187,948,80.01464429496524,2.468329876023896,75.49407114624506,506
RR2_TRAIL7,2.0,7.0,0.7000000000000001,1522,1454,1145,309,68,78.74828060522697,267.37516299749865,2.931573545228936,3.4678451849410123,5,1202.7000000002338,0.18388938307943511,202.83187995410304,3.7268187509635213,947,64.5432830433956,2.0078679366414347,75.54240631163708,507
RR2_TRAIL8,2.0,8.0,0.8,1522,1452,1115,337,70,76.79063360881543,228.80474665941244,2.4496056987056067,3.875929596020768,4,1081.5999999997514,0.1575790266249397,177.65051551481957,3.067591669386548,946,51.15423114459287,1.7112872030219386,74.70355731225297,506
RR2_TRAIL9,2.0,9.0,0.9,1522,1448,1102,346,74,76.10497237569061,195.19304297801796,2.12551526597832,5.4836168185558165,4,987.750000000329,0.13480182526106213,159.36938741121713,2.6860225417210084,944,35.82365556680084,1.4540294121899202,75.0,504
RR2_TRAIL10,2.0,10.0,1.0,1522,1447,1073,374,75,74.1534208707671,168.43957066336765,1.9119379699060357,5.117569745525202,4,892.3399999999895,0.11640606127392374,140.36140621069103,2.3583134224177686,943,28.078164452676596,1.3450677311385524,71.82539682539682,504
