symbol_requested,symbol_used,p_gap,spike_multiplier,max_sl,tp_r,signals,trades,wins,losses,win_rate_pct,net_r,profit_factor,max_drawdown_r,max_consecutive_losses,buy_trades,sell_trades,exit_reasons
EURUSD,EURUSD.ecn,0.5,1.25,5.0,1.0,0,0,0,0,,0,,0.0,0,0,0,{}
EURUSD,EURUSD.ecn,0.5,1.25,10.0,1.0,0,0,0,0,,0,,0.0,0,0,0,{}
EURUSD,EURUSD.ecn,0.5,1.25,15.0,1.0,0,0,0,0,,0,,0.0,0,0,0,{}
EURUSD,EURUSD.ecn,0.5,1.5,5.0,1.0,0,0,0,0,,0,,0.0,0,0,0,{}
EURUSD,EURUSD.ecn,0.5,1.5,10.0,1.0,0,0,0,0,,0,,0.0,0,0,0,{}
EURUSD,EURUSD.ecn,0.5,1.5,15.0,1.0,0,0,0,0,,0,,0.0,0,0,0,{}
EURUSD,EURUSD.ecn,0.5,1.75,5.0,1.0,0,0,0,0,,0,,0.0,0,0,0,{}
EURUSD,EURUSD.ecn,0.5,1.75,10.0,1.0,0,0,0,0,,0,,0.0,0,0,0,{}
EURUSD,EURUSD.ecn,0.5,1.75,15.0,1.0,0,0,0,0,,0,,0.0,0,0,0,{}
EURUSD,EURUSD.ecn,1.0,1.25,5.0,1.0,0,0,0,0,,0,,0.0,0,0,0,{}
EURUSD,EURUSD.ecn,1.0,1.25,10.0,1.0,0,0,0,0,,0,,0.0,0,0,0,{}
EURUSD,EURUSD.ecn,1.0,1.25,15.0,1.0,0,0,0,0,,0,,0.0,0,0,0,{}
EURUSD,EURUSD.ecn,1.0,1.5,5.0,1.0,0,0,0,0,,0,,0.0,0,0,0,{}
EURUSD,EURUSD.ecn,1.0,1.5,10.0,1.0,0,0,0,0,,0,,0.0,0,0,0,{}
EURUSD,EURUSD.ecn,1.0,1.5,15.0,1.0,0,0,0,0,,0,,0.0,0,0,0,{}
EURUSD,EURUSD.ecn,1.0,1.75,5.0,1.0,0,0,0,0,,0,,0.0,0,0,0,{}
EURUSD,EURUSD.ecn,1.0,1.75,10.0,1.0,0,0,0,0,,0,,0.0,0,0,0,{}
EURUSD,EURUSD.ecn,1.0,1.75,15.0,1.0,0,0,0,0,,0,,0.0,0,0,0,{}
EURUSD,EURUSD.ecn,1.5,1.25,5.0,1.0,0,0,0,0,,0,,0.0,0,0,0,{}
EURUSD,EURUSD.ecn,1.5,1.25,10.0,1.0,0,0,0,0,,0,,0.0,0,0,0,{}
EURUSD,EURUSD.ecn,1.5,1.25,15.0,1.0,0,0,0,0,,0,,0.0,0,0,0,{}
EURUSD,EURUSD.ecn,1.5,1.5,5.0,1.0,0,0,0,0,,0,,0.0,0,0,0,{}
EURUSD,EURUSD.ecn,1.5,1.5,10.0,1.0,0,0,0,0,,0,,0.0,0,0,0,{}
EURUSD,EURUSD.ecn,1.5,1.5,15.0,1.0,0,0,0,0,,0,,0.0,0,0,0,{}
EURUSD,EURUSD.ecn,1.5,1.75,5.0,1.0,0,0,0,0,,0,,0.0,0,0,0,{}
EURUSD,EURUSD.ecn,1.5,1.75,10.0,1.0,0,0,0,0,,0,,0.0,0,0,0,{}
EURUSD,EURUSD.ecn,1.5,1.75,15.0,1.0,0,0,0,0,,0,,0.0,0,0,0,{}
GBPUSD,GBPUSD.ecn,0.5,1.25,5.0,1.0,0,0,0,0,,0,,0.0,0,0,0,{}
GBPUSD,GBPUSD.ecn,0.5,1.25,10.0,1.0,0,0,0,0,,0,,0.0,0,0,0,{}
GBPUSD,GBPUSD.ecn,0.5,1.25,15.0,1.0,0,0,0,0,,0,,0.0,0,0,0,{}
GBPUSD,GBPUSD.ecn,0.5,1.5,5.0,1.0,0,0,0,0,,0,,0.0,0,0,0,{}
GBPUSD,GBPUSD.ecn,0.5,1.5,10.0,1.0,0,0,0,0,,0,,0.0,0,0,0,{}
GBPUSD,GBPUSD.ecn,0.5,1.5,15.0,1.0,0,0,0,0,,0,,0.0,0,0,0,{}
GBPUSD,GBPUSD.ecn,0.5,1.75,5.0,1.0,0,0,0,0,,0,,0.0,0,0,0,{}
GBPUSD,GBPUSD.ecn,0.5,1.75,10.0,1.0,0,0,0,0,,0,,0.0,0,0,0,{}
GBPUSD,GBPUSD.ecn,0.5,1.75,15.0,1.0,0,0,0,0,,0,,0.0,0,0,0,{}
GBPUSD,GBPUSD.ecn,1.0,1.25,5.0,1.0,0,0,0,0,,0,,0.0,0,0,0,{}
GBPUSD,GBPUSD.ecn,1.0,1.25,10.0,1.0,0,0,0,0,,0,,0.0,0,0,0,{}
GBPUSD,GBPUSD.ecn,1.0,1.25,15.0,1.0,0,0,0,0,,0,,0.0,0,0,0,{}
GBPUSD,GBPUSD.ecn,1.0,1.5,5.0,1.0,0,0,0,0,,0,,0.0,0,0,0,{}
GBPUSD,GBPUSD.ecn,1.0,1.5,10.0,1.0,0,0,0,0,,0,,0.0,0,0,0,{}
GBPUSD,GBPUSD.ecn,1.0,1.5,15.0,1.0,0,0,0,0,,0,,0.0,0,0,0,{}
GBPUSD,GBPUSD.ecn,1.0,1.75,5.0,1.0,0,0,0,0,,0,,0.0,0,0,0,{}
GBPUSD,GBPUSD.ecn,1.0,1.75,10.0,1.0,0,0,0,0,,0,,0.0,0,0,0,{}
GBPUSD,GBPUSD.ecn,1.0,1.75,15.0,1.0,0,0,0,0,,0,,0.0,0,0,0,{}
GBPUSD,GBPUSD.ecn,1.5,1.25,5.0,1.0,0,0,0,0,,0,,0.0,0,0,0,{}
GBPUSD,GBPUSD.ecn,1.5,1.25,10.0,1.0,0,0,0,0,,0,,0.0,0,0,0,{}
GBPUSD,GBPUSD.ecn,1.5,1.25,15.0,1.0,0,0,0,0,,0,,0.0,0,0,0,{}
GBPUSD,GBPUSD.ecn,1.5,1.5,5.0,1.0,0,0,0,0,,0,,0.0,0,0,0,{}
GBPUSD,GBPUSD.ecn,1.5,1.5,10.0,1.0,0,0,0,0,,0,,0.0,0,0,0,{}
GBPUSD,GBPUSD.ecn,1.5,1.5,15.0,1.0,0,0,0,0,,0,,0.0,0,0,0,{}
GBPUSD,GBPUSD.ecn,1.5,1.75,5.0,1.0,0,0,0,0,,0,,0.0,0,0,0,{}
GBPUSD,GBPUSD.ecn,1.5,1.75,10.0,1.0,0,0,0,0,,0,,0.0,0,0,0,{}
GBPUSD,GBPUSD.ecn,1.5,1.75,15.0,1.0,0,0,0,0,,0,,0.0,0,0,0,{}
USDJPY,USDJPY.ecn,0.5,1.25,5.0,1.0,0,0,0,0,,0,,0.0,0,0,0,{}
USDJPY,USDJPY.ecn,0.5,1.25,10.0,1.0,0,0,0,0,,0,,0.0,0,0,0,{}
USDJPY,USDJPY.ecn,0.5,1.25,15.0,1.0,0,0,0,0,,0,,0.0,0,0,0,{}
USDJPY,USDJPY.ecn,0.5,1.5,5.0,1.0,0,0,0,0,,0,,0.0,0,0,0,{}
USDJPY,USDJPY.ecn,0.5,1.5,10.0,1.0,0,0,0,0,,0,,0.0,0,0,0,{}
USDJPY,USDJPY.ecn,0.5,1.5,15.0,1.0,0,0,0,0,,0,,0.0,0,0,0,{}
USDJPY,USDJPY.ecn,0.5,1.75,5.0,1.0,0,0,0,0,,0,,0.0,0,0,0,{}
USDJPY,USDJPY.ecn,0.5,1.75,10.0,1.0,0,0,0,0,,0,,0.0,0,0,0,{}
USDJPY,USDJPY.ecn,0.5,1.75,15.0,1.0,0,0,0,0,,0,,0.0,0,0,0,{}
USDJPY,USDJPY.ecn,1.0,1.25,5.0,1.0,0,0,0,0,,0,,0.0,0,0,0,{}
USDJPY,USDJPY.ecn,1.0,1.25,10.0,1.0,0,0,0,0,,0,,0.0,0,0,0,{}
USDJPY,USDJPY.ecn,1.0,1.25,15.0,1.0,0,0,0,0,,0,,0.0,0,0,0,{}
USDJPY,USDJPY.ecn,1.0,1.5,5.0,1.0,0,0,0,0,,0,,0.0,0,0,0,{}
USDJPY,USDJPY.ecn,1.0,1.5,10.0,1.0,0,0,0,0,,0,,0.0,0,0,0,{}
USDJPY,USDJPY.ecn,1.0,1.5,15.0,1.0,0,0,0,0,,0,,0.0,0,0,0,{}
USDJPY,USDJPY.ecn,1.0,1.75,5.0,1.0,0,0,0,0,,0,,0.0,0,0,0,{}
USDJPY,USDJPY.ecn,1.0,1.75,10.0,1.0,0,0,0,0,,0,,0.0,0,0,0,{}
USDJPY,USDJPY.ecn,1.0,1.75,15.0,1.0,0,0,0,0,,0,,0.0,0,0,0,{}
USDJPY,USDJPY.ecn,1.5,1.25,5.0,1.0,0,0,0,0,,0,,0.0,0,0,0,{}
USDJPY,USDJPY.ecn,1.5,1.25,10.0,1.0,0,0,0,0,,0,,0.0,0,0,0,{}
USDJPY,USDJPY.ecn,1.5,1.25,15.0,1.0,0,0,0,0,,0,,0.0,0,0,0,{}
USDJPY,USDJPY.ecn,1.5,1.5,5.0,1.0,0,0,0,0,,0,,0.0,0,0,0,{}
USDJPY,USDJPY.ecn,1.5,1.5,10.0,1.0,0,0,0,0,,0,,0.0,0,0,0,{}
USDJPY,USDJPY.ecn,1.5,1.5,15.0,1.0,0,0,0,0,,0,,0.0,0,0,0,{}
USDJPY,USDJPY.ecn,1.5,1.75,5.0,1.0,0,0,0,0,,0,,0.0,0,0,0,{}
USDJPY,USDJPY.ecn,1.5,1.75,10.0,1.0,0,0,0,0,,0,,0.0,0,0,0,{}
USDJPY,USDJPY.ecn,1.5,1.75,15.0,1.0,0,0,0,0,,0,,0.0,0,0,0,{}
USDCHF,USDCHF.ecn,0.5,1.25,5.0,1.0,0,0,0,0,,0,,0.0,0,0,0,{}
USDCHF,USDCHF.ecn,0.5,1.25,10.0,1.0,0,0,0,0,,0,,0.0,0,0,0,{}
USDCHF,USDCHF.ecn,0.5,1.25,15.0,1.0,0,0,0,0,,0,,0.0,0,0,0,{}
USDCHF,USDCHF.ecn,0.5,1.5,5.0,1.0,0,0,0,0,,0,,0.0,0,0,0,{}
USDCHF,USDCHF.ecn,0.5,1.5,10.0,1.0,0,0,0,0,,0,,0.0,0,0,0,{}
USDCHF,USDCHF.ecn,0.5,1.5,15.0,1.0,0,0,0,0,,0,,0.0,0,0,0,{}
USDCHF,USDCHF.ecn,0.5,1.75,5.0,1.0,0,0,0,0,,0,,0.0,0,0,0,{}
USDCHF,USDCHF.ecn,0.5,1.75,10.0,1.0,0,0,0,0,,0,,0.0,0,0,0,{}
USDCHF,USDCHF.ecn,0.5,1.75,15.0,1.0,0,0,0,0,,0,,0.0,0,0,0,{}
USDCHF,USDCHF.ecn,1.0,1.25,5.0,1.0,0,0,0,0,,0,,0.0,0,0,0,{}
USDCHF,USDCHF.ecn,1.0,1.25,10.0,1.0,0,0,0,0,,0,,0.0,0,0,0,{}
USDCHF,USDCHF.ecn,1.0,1.25,15.0,1.0,0,0,0,0,,0,,0.0,0,0,0,{}
USDCHF,USDCHF.ecn,1.0,1.5,5.0,1.0,0,0,0,0,,0,,0.0,0,0,0,{}
USDCHF,USDCHF.ecn,1.0,1.5,10.0,1.0,0,0,0,0,,0,,0.0,0,0,0,{}
USDCHF,USDCHF.ecn,1.0,1.5,15.0,1.0,0,0,0,0,,0,,0.0,0,0,0,{}
USDCHF,USDCHF.ecn,1.0,1.75,5.0,1.0,0,0,0,0,,0,,0.0,0,0,0,{}
USDCHF,USDCHF.ecn,1.0,1.75,10.0,1.0,0,0,0,0,,0,,0.0,0,0,0,{}
USDCHF,USDCHF.ecn,1.0,1.75,15.0,1.0,0,0,0,0,,0,,0.0,0,0,0,{}
USDCHF,USDCHF.ecn,1.5,1.25,5.0,1.0,0,0,0,0,,0,,0.0,0,0,0,{}
USDCHF,USDCHF.ecn,1.5,1.25,10.0,1.0,0,0,0,0,,0,,0.0,0,0,0,{}
USDCHF,USDCHF.ecn,1.5,1.25,15.0,1.0,0,0,0,0,,0,,0.0,0,0,0,{}
USDCHF,USDCHF.ecn,1.5,1.5,5.0,1.0,0,0,0,0,,0,,0.0,0,0,0,{}
USDCHF,USDCHF.ecn,1.5,1.5,10.0,1.0,0,0,0,0,,0,,0.0,0,0,0,{}
USDCHF,USDCHF.ecn,1.5,1.5,15.0,1.0,0,0,0,0,,0,,0.0,0,0,0,{}
USDCHF,USDCHF.ecn,1.5,1.75,5.0,1.0,0,0,0,0,,0,,0.0,0,0,0,{}
USDCHF,USDCHF.ecn,1.5,1.75,10.0,1.0,0,0,0,0,,0,,0.0,0,0,0,{}
USDCHF,USDCHF.ecn,1.5,1.75,15.0,1.0,0,0,0,0,,0,,0.0,0,0,0,{}
USDCAD,USDCAD.ecn,0.5,1.25,5.0,1.0,0,0,0,0,,0,,0.0,0,0,0,{}
USDCAD,USDCAD.ecn,0.5,1.25,10.0,1.0,0,0,0,0,,0,,0.0,0,0,0,{}
USDCAD,USDCAD.ecn,0.5,1.25,15.0,1.0,0,0,0,0,,0,,0.0,0,0,0,{}
USDCAD,USDCAD.ecn,0.5,1.5,5.0,1.0,0,0,0,0,,0,,0.0,0,0,0,{}
USDCAD,USDCAD.ecn,0.5,1.5,10.0,1.0,0,0,0,0,,0,,0.0,0,0,0,{}
USDCAD,USDCAD.ecn,0.5,1.5,15.0,1.0,0,0,0,0,,0,,0.0,0,0,0,{}
USDCAD,USDCAD.ecn,0.5,1.75,5.0,1.0,0,0,0,0,,0,,0.0,0,0,0,{}
USDCAD,USDCAD.ecn,0.5,1.75,10.0,1.0,0,0,0,0,,0,,0.0,0,0,0,{}
USDCAD,USDCAD.ecn,0.5,1.75,15.0,1.0,0,0,0,0,,0,,0.0,0,0,0,{}
USDCAD,USDCAD.ecn,1.0,1.25,5.0,1.0,0,0,0,0,,0,,0.0,0,0,0,{}
USDCAD,USDCAD.ecn,1.0,1.25,10.0,1.0,0,0,0,0,,0,,0.0,0,0,0,{}
USDCAD,USDCAD.ecn,1.0,1.25,15.0,1.0,0,0,0,0,,0,,0.0,0,0,0,{}
USDCAD,USDCAD.ecn,1.0,1.5,5.0,1.0,0,0,0,0,,0,,0.0,0,0,0,{}
USDCAD,USDCAD.ecn,1.0,1.5,10.0,1.0,0,0,0,0,,0,,0.0,0,0,0,{}
USDCAD,USDCAD.ecn,1.0,1.5,15.0,1.0,0,0,0,0,,0,,0.0,0,0,0,{}
USDCAD,USDCAD.ecn,1.0,1.75,5.0,1.0,0,0,0,0,,0,,0.0,0,0,0,{}
USDCAD,USDCAD.ecn,1.0,1.75,10.0,1.0,0,0,0,0,,0,,0.0,0,0,0,{}
USDCAD,USDCAD.ecn,1.0,1.75,15.0,1.0,0,0,0,0,,0,,0.0,0,0,0,{}
USDCAD,USDCAD.ecn,1.5,1.25,5.0,1.0,0,0,0,0,,0,,0.0,0,0,0,{}
USDCAD,USDCAD.ecn,1.5,1.25,10.0,1.0,0,0,0,0,,0,,0.0,0,0,0,{}
USDCAD,USDCAD.ecn,1.5,1.25,15.0,1.0,0,0,0,0,,0,,0.0,0,0,0,{}
USDCAD,USDCAD.ecn,1.5,1.5,5.0,1.0,0,0,0,0,,0,,0.0,0,0,0,{}
USDCAD,USDCAD.ecn,1.5,1.5,10.0,1.0,0,0,0,0,,0,,0.0,0,0,0,{}
USDCAD,USDCAD.ecn,1.5,1.5,15.0,1.0,0,0,0,0,,0,,0.0,0,0,0,{}
USDCAD,USDCAD.ecn,1.5,1.75,5.0,1.0,0,0,0,0,,0,,0.0,0,0,0,{}
USDCAD,USDCAD.ecn,1.5,1.75,10.0,1.0,0,0,0,0,,0,,0.0,0,0,0,{}
USDCAD,USDCAD.ecn,1.5,1.75,15.0,1.0,0,0,0,0,,0,,0.0,0,0,0,{}
AUDUSD,AUDUSD.ecn,0.5,1.25,5.0,1.0,0,0,0,0,,0,,0.0,0,0,0,{}
AUDUSD,AUDUSD.ecn,0.5,1.25,10.0,1.0,0,0,0,0,,0,,0.0,0,0,0,{}
AUDUSD,AUDUSD.ecn,0.5,1.25,15.0,1.0,0,0,0,0,,0,,0.0,0,0,0,{}
AUDUSD,AUDUSD.ecn,0.5,1.5,5.0,1.0,0,0,0,0,,0,,0.0,0,0,0,{}
AUDUSD,AUDUSD.ecn,0.5,1.5,10.0,1.0,0,0,0,0,,0,,0.0,0,0,0,{}
AUDUSD,AUDUSD.ecn,0.5,1.5,15.0,1.0,0,0,0,0,,0,,0.0,0,0,0,{}
AUDUSD,AUDUSD.ecn,0.5,1.75,5.0,1.0,0,0,0,0,,0,,0.0,0,0,0,{}
AUDUSD,AUDUSD.ecn,0.5,1.75,10.0,1.0,0,0,0,0,,0,,0.0,0,0,0,{}
AUDUSD,AUDUSD.ecn,0.5,1.75,15.0,1.0,0,0,0,0,,0,,0.0,0,0,0,{}
AUDUSD,AUDUSD.ecn,1.0,1.25,5.0,1.0,0,0,0,0,,0,,0.0,0,0,0,{}
AUDUSD,AUDUSD.ecn,1.0,1.25,10.0,1.0,0,0,0,0,,0,,0.0,0,0,0,{}
AUDUSD,AUDUSD.ecn,1.0,1.25,15.0,1.0,0,0,0,0,,0,,0.0,0,0,0,{}
AUDUSD,AUDUSD.ecn,1.0,1.5,5.0,1.0,0,0,0,0,,0,,0.0,0,0,0,{}
AUDUSD,AUDUSD.ecn,1.0,1.5,10.0,1.0,0,0,0,0,,0,,0.0,0,0,0,{}
AUDUSD,AUDUSD.ecn,1.0,1.5,15.0,1.0,0,0,0,0,,0,,0.0,0,0,0,{}
AUDUSD,AUDUSD.ecn,1.0,1.75,5.0,1.0,0,0,0,0,,0,,0.0,0,0,0,{}
AUDUSD,AUDUSD.ecn,1.0,1.75,10.0,1.0,0,0,0,0,,0,,0.0,0,0,0,{}
AUDUSD,AUDUSD.ecn,1.0,1.75,15.0,1.0,0,0,0,0,,0,,0.0,0,0,0,{}
AUDUSD,AUDUSD.ecn,1.5,1.25,5.0,1.0,0,0,0,0,,0,,0.0,0,0,0,{}
AUDUSD,AUDUSD.ecn,1.5,1.25,10.0,1.0,0,0,0,0,,0,,0.0,0,0,0,{}
AUDUSD,AUDUSD.ecn,1.5,1.25,15.0,1.0,0,0,0,0,,0,,0.0,0,0,0,{}
AUDUSD,AUDUSD.ecn,1.5,1.5,5.0,1.0,0,0,0,0,,0,,0.0,0,0,0,{}
AUDUSD,AUDUSD.ecn,1.5,1.5,10.0,1.0,0,0,0,0,,0,,0.0,0,0,0,{}
AUDUSD,AUDUSD.ecn,1.5,1.5,15.0,1.0,0,0,0,0,,0,,0.0,0,0,0,{}
AUDUSD,AUDUSD.ecn,1.5,1.75,5.0,1.0,0,0,0,0,,0,,0.0,0,0,0,{}
AUDUSD,AUDUSD.ecn,1.5,1.75,10.0,1.0,0,0,0,0,,0,,0.0,0,0,0,{}
AUDUSD,AUDUSD.ecn,1.5,1.75,15.0,1.0,0,0,0,0,,0,,0.0,0,0,0,{}
NZDUSD,NZDUSD.ecn,0.5,1.25,5.0,1.0,0,0,0,0,,0,,0.0,0,0,0,{}
NZDUSD,NZDUSD.ecn,0.5,1.25,10.0,1.0,0,0,0,0,,0,,0.0,0,0,0,{}
NZDUSD,NZDUSD.ecn,0.5,1.25,15.0,1.0,0,0,0,0,,0,,0.0,0,0,0,{}
NZDUSD,NZDUSD.ecn,0.5,1.5,5.0,1.0,0,0,0,0,,0,,0.0,0,0,0,{}
NZDUSD,NZDUSD.ecn,0.5,1.5,10.0,1.0,0,0,0,0,,0,,0.0,0,0,0,{}
NZDUSD,NZDUSD.ecn,0.5,1.5,15.0,1.0,0,0,0,0,,0,,0.0,0,0,0,{}
NZDUSD,NZDUSD.ecn,0.5,1.75,5.0,1.0,0,0,0,0,,0,,0.0,0,0,0,{}
NZDUSD,NZDUSD.ecn,0.5,1.75,10.0,1.0,0,0,0,0,,0,,0.0,0,0,0,{}
NZDUSD,NZDUSD.ecn,0.5,1.75,15.0,1.0,0,0,0,0,,0,,0.0,0,0,0,{}
NZDUSD,NZDUSD.ecn,1.0,1.25,5.0,1.0,0,0,0,0,,0,,0.0,0,0,0,{}
NZDUSD,NZDUSD.ecn,1.0,1.25,10.0,1.0,0,0,0,0,,0,,0.0,0,0,0,{}
NZDUSD,NZDUSD.ecn,1.0,1.25,15.0,1.0,0,0,0,0,,0,,0.0,0,0,0,{}
NZDUSD,NZDUSD.ecn,1.0,1.5,5.0,1.0,0,0,0,0,,0,,0.0,0,0,0,{}
NZDUSD,NZDUSD.ecn,1.0,1.5,10.0,1.0,0,0,0,0,,0,,0.0,0,0,0,{}
NZDUSD,NZDUSD.ecn,1.0,1.5,15.0,1.0,0,0,0,0,,0,,0.0,0,0,0,{}
NZDUSD,NZDUSD.ecn,1.0,1.75,5.0,1.0,0,0,0,0,,0,,0.0,0,0,0,{}
NZDUSD,NZDUSD.ecn,1.0,1.75,10.0,1.0,0,0,0,0,,0,,0.0,0,0,0,{}
NZDUSD,NZDUSD.ecn,1.0,1.75,15.0,1.0,0,0,0,0,,0,,0.0,0,0,0,{}
NZDUSD,NZDUSD.ecn,1.5,1.25,5.0,1.0,0,0,0,0,,0,,0.0,0,0,0,{}
NZDUSD,NZDUSD.ecn,1.5,1.25,10.0,1.0,0,0,0,0,,0,,0.0,0,0,0,{}
NZDUSD,NZDUSD.ecn,1.5,1.25,15.0,1.0,0,0,0,0,,0,,0.0,0,0,0,{}
NZDUSD,NZDUSD.ecn,1.5,1.5,5.0,1.0,0,0,0,0,,0,,0.0,0,0,0,{}
NZDUSD,NZDUSD.ecn,1.5,1.5,10.0,1.0,0,0,0,0,,0,,0.0,0,0,0,{}
NZDUSD,NZDUSD.ecn,1.5,1.5,15.0,1.0,0,0,0,0,,0,,0.0,0,0,0,{}
NZDUSD,NZDUSD.ecn,1.5,1.75,5.0,1.0,0,0,0,0,,0,,0.0,0,0,0,{}
NZDUSD,NZDUSD.ecn,1.5,1.75,10.0,1.0,0,0,0,0,,0,,0.0,0,0,0,{}
NZDUSD,NZDUSD.ecn,1.5,1.75,15.0,1.0,0,0,0,0,,0,,0.0,0,0,0,{}
